2,4,63732505761.936,-0.1627343,0.7670429,-1.377668,-0.9650513,-0.2588686,-0.01935272,0.03589503,1,1,1,102.9701,-0.1490736,0.7707661,-1.378547,-0.1526666,0.7610001,-1.576132,0.2463759,0.7708355,-1.622922
2,4,63732505765.751,0.06977228,0.7689211,-1.464347,-0.9558662,-0.2560454,-0.133609,0.05393661,6,1,2,106.7856,0.08348924,0.7756977,-1.443086,-0.1526666,0.7610001,-1.576132,0.2463759,0.7708355,-1.622922
2,4,63732505768.7753,-0.06589995,0.7675998,-1.319318,-0.9526582,-0.2914179,-0.07376743,0.04556892,4,1,3,109.8098,-0.05567428,0.7747842,-1.321663,-0.1526666,0.7610001,-1.576132,0.2463759,0.7708355,-1.622922
2,4,63732505771.4471,-0.1685761,0.7667085,-1.211073,-0.9604597,-0.2711498,-0.04140019,0.0477592,3,1,4,112.4812,-0.1462469,0.7745345,-1.228621,-0.1526666,0.7610001,-1.576132,0.2463759,0.7708355,-1.622922
2,4,63732505775.5262,0.0236413,0.7681508,-1.382629,-0.9598181,-0.2569687,-0.1020385,0.04800481,5,1,5,116.5603,0.02460299,0.7758425,-1.370112,-0.1526666,0.7610001,-1.576132,0.2463759,0.7708355,-1.622922
2,4,63732505778.8025,-0.1761962,0.7677129,-1.459653,-0.9651731,-0.2522741,0.06896269,-0.006535678,0,1,6,119.8366,-0.1504869,0.7688819,-1.45351,-0.1526666,0.7610001,-1.576132,0.2463759,0.7708355,-1.622922
2,4,63732505782.984,-0.1745734,0.7659903,-1.304835,-0.9650931,-0.2550298,-0.04186726,0.04245328,2,1,7,124.0186,-0.1476603,0.7726503,-1.303584,-0.1526666,0.7610001,-1.576132,0.2463759,0.7708355,-1.622922
2,4,63732505787.8237,-0.05112297,0.766428,-1.317101,-0.9626853,-0.2557297,-0.07778709,0.04229067,4,1,8,128.8577,-0.05567428,0.7747842,-1.321663,-0.1526666,0.7610001,-1.576132,0.2463759,0.7708355,-1.622922
2,4,63732505791.1108,-0.1666324,0.7675191,-1.441024,-0.9605961,-0.2660411,0.08033138,0.004920282,0,1,9,132.1454,-0.1504869,0.7688819,-1.45351,-0.1526666,0.7610001,-1.576132,0.2463759,0.7708355,-1.622922
2,4,63732505793.9429,-0.1648855,0.7658008,-1.294082,-0.9680524,-0.2501785,0.01036114,0.01333817,2,1,10,134.9773,-0.1476603,0.7726503,-1.303584,-0.1526666,0.7610001,-1.576132,0.2463759,0.7708355,-1.622922
2,4,63732505797.5512,-0.1770866,0.7660418,-1.225968,-0.9644318,-0.2638859,0.007506034,0.01338769,3,1,11,138.5857,-0.1462469,0.7745345,-1.228621,-0.1526666,0.7610001,-1.576132,0.2463759,0.7708355,-1.622922
2,4,63732505800.8916,0.03215894,0.7676623,-1.383973,-0.9621611,-0.2579693,-0.07572073,0.04431955,5,1,12,141.9259,0.02460299,0.7758425,-1.370112,-0.1526666,0.7610001,-1.576132,0.2463759,0.7708355,-1.622922
2,4,63732505804.5798,0.07347696,0.7682993,-1.471679,-0.9680705,-0.2358117,-0.08062413,0.02705941,6,1,13,145.614,0.08348924,0.7756977,-1.443086,-0.1526666,0.7610001,-1.576132,0.2463759,0.7708355,-1.622922
2,4,63732505807.4047,-0.1547285,0.766449,-1.388636,-0.9643161,-0.2573661,0.05885379,0.01983057,1,1,14,148.4391,-0.1490736,0.7707661,-1.378547,-0.1526666,0.7610001,-1.576132,0.2463759,0.7708355,-1.622922
2,4,63732505811.8802,-0.1563368,0.7661151,-1.374721,-0.9679458,-0.2491025,0.02947069,0.01266687,1,1,15,152.9144,-0.1490736,0.7707661,-1.378547,-0.1526666,0.7610001,-1.576132,0.2463759,0.7708355,-1.622922
2,4,63732505816.6862,-0.1707799,0.7657817,-1.22775,-0.9673829,-0.2510239,0.004416617,0.03373275,3,1,16,157.7205,-0.1462469,0.7745345,-1.228621,-0.1526666,0.7610001,-1.576132,0.2463759,0.7708355,-1.622922
2,4,63732505819.732,-0.1667443,0.7673032,-1.467874,-0.9690493,-0.2456295,0.02213407,0.01094675,0,1,17,160.7664,-0.1504869,0.7688819,-1.45351,-0.1526666,0.7610001,-1.576132,0.2463759,0.7708355,-1.622922
2,4,63732505823.6716,-0.1572729,0.7662428,-1.307521,-0.9660132,-0.2560332,-0.006228529,0.03502399,2,1,18,164.7062,-0.1476603,0.7726503,-1.303584,-0.1526666,0.7610001,-1.576132,0.2463759,0.7708355,-1.622922
2,4,63732505826.7151,0.08329703,0.7678315,-1.467648,-0.9698939,-0.2213003,-0.09758092,0.02846096,6,1,19,167.7492,0.08348924,0.7756977,-1.443086,-0.1526666,0.7610001,-1.576132,0.2463759,0.7708355,-1.622922
2,4,63732505829.9637,-0.04837756,0.766711,-1.336601,-0.9665921,-0.2504586,-0.03100123,0.04482529,4,1,20,170.9978,-0.05567428,0.7747842,-1.321663,-0.1526666,0.7610001,-1.576132,0.2463759,0.7708355,-1.622922
2,4,63732505833.2329,0.04156592,0.7677252,-1.391832,-0.9624707,-0.2504974,-0.09557845,0.04202451,5,1,21,174.2671,0.02460299,0.7758425,-1.370112,-0.1526666,0.7610001,-1.576132,0.2463759,0.7708355,-1.622922
2,4,63732505836.1509,0.03628083,0.7675671,-1.369198,-0.9620675,-0.255198,-0.08488254,0.04577129,5,1,22,177.1856,0.02460299,0.7758425,-1.370112,-0.1526666,0.7610001,-1.576132,0.2463759,0.7708355,-1.622922
2,4,63732505839.4007,-0.1597298,0.76654,-1.386335,-0.9665698,-0.2516455,0.04444133,0.02103418,1,1,23,180.4355,-0.1490736,0.7707661,-1.378547,-0.1526666,0.7610001,-1.576132,0.2463759,0.7708355,-1.622922
2,4,63732505843.1795,-0.1718652,0.7654062,-1.246658,-0.9707236,-0.2370132,-0.01656378,0.03530034,3,1,24,184.2141,-0.1462469,0.7745345,-1.228621,-0.1526666,0.7610001,-1.576132,0.2463759,0.7708355,-1.622922
2,4,63732505846.3667,-0.06508212,0.7665226,-1.325577,-0.9693279,-0.24371,-0.02071677,0.02407531,4,1,25,187.4009,-0.05567428,0.7747842,-1.321663,-0.1526666,0.7610001,-1.576132,0.2463759,0.7708355,-1.622922
2,4,63732505849.538,-0.1702081,0.7653527,-1.308218,-0.9714532,-0.2355169,0.0272309,0.008305143,2,1,26,190.5722,-0.1476603,0.7726503,-1.303584,-0.1526666,0.7610001,-1.576132,0.2463759,0.7708355,-1.622922
2,4,63732505852.4886,0.08665092,0.7683345,-1.453397,-0.9663628,-0.2262188,-0.1144697,0.04318217,6,1,27,193.5232,0.08348924,0.7756977,-1.443086,-0.1526666,0.7610001,-1.576132,0.2463759,0.7708355,-1.622922
2,4,63732505855.1072,-0.1763892,0.7675545,-1.467335,-0.9647917,-0.2499834,0.0814843,0.006764014,0,1,28,196.1417,-0.1504869,0.7688819,-1.45351,-0.1526666,0.7610001,-1.576132,0.2463759,0.7708355,-1.622922
2,4,63732505858.0155,0.07850359,0.7686061,-1.467466,-0.9650264,-0.2331121,-0.1112552,0.04477964,6,1,29,199.0496,0.08348924,0.7756977,-1.443086,-0.1526666,0.7610001,-1.576132,0.2463759,0.7708355,-1.622922
2,4,63732505860.847,-0.1676705,0.7663921,-1.314611,-0.9692218,-0.2398226,0.05446126,0.01133083,2,1,30,201.8815,-0.1476603,0.7726503,-1.303584,-0.1526666,0.7610001,-1.576132,0.2463759,0.7708355,-1.622922
2,4,63732505864.4552,-0.173353,0.7661456,-1.2542,-0.9656199,-0.2569386,-0.002500121,0.03942803,3,1,31,205.4892,-0.1462469,0.7745345,-1.228621,-0.1526666,0.7610001,-1.576132,0.2463759,0.7708355,-1.622922
2,4,63732505867.7878,-0.05971367,0.7662429,-1.327494,-0.9664097,-0.2426401,-0.07198885,0.04467209,4,1,32,208.8218,-0.05567428,0.7747842,-1.321663,-0.1526666,0.7610001,-1.576132,0.2463759,0.7708355,-1.622922
2,4,63732505870.8799,0.03227793,0.7680004,-1.393509,-0.9648551,-0.249948,-0.06876302,0.04303791,5,1,33,211.9147,0.02460299,0.7758425,-1.370112,-0.1526666,0.7610001,-1.576132,0.2463759,0.7708355,-1.622922
2,4,63732505873.125,-0.1629037,0.7678396,-1.46501,-0.9590002,-0.2736326,0.07365651,-0.004322482,0,1,34,214.1594,-0.1504869,0.7688819,-1.45351,-0.1526666,0.7610001,-1.576132,0.2463759,0.7708355,-1.622922
2,4,63732505875.6722,-0.1551858,0.7669066,-1.394999,-0.9632782,-0.2664487,0.01504468,0.02956081,1,1,35,216.7072,-0.1490736,0.7707661,-1.378547,-0.1526666,0.7610001,-1.576132,0.2463759,0.7708355,-1.622922
2,4,63732505878.6033,-0.1561081,0.7671456,-1.391781,-0.9616526,-0.2648212,0.07119233,0.005067928,1,1,36,219.638,-0.1490736,0.7707661,-1.378547,-0.1526666,0.7610001,-1.576132,0.2463759,0.7708355,-1.622922
2,4,63732505881.2595,0.09089438,0.7690318,-1.472206,0.9613386,0.255454,0.08827747,-0.05271123,6,1,37,222.2939,0.08348924,0.7756977,-1.443086,-0.1526666,0.7610001,-1.576132,0.2463759,0.7708355,-1.622922
2,4,63732505883.3587,-0.05960065,0.7675445,-1.33266,0.9638722,0.2647513,-0.0003172559,-0.02927626,4,1,38,224.3928,-0.05567428,0.7747842,-1.321663,-0.1526666,0.7610001,-1.576132,0.2463759,0.7708355,-1.622922
2,4,63732505886.0689,-0.1638139,0.7672662,-1.302989,0.9615546,0.2713061,-0.03895582,-0.01697718,2,1,39,227.1031,-0.1476603,0.7726503,-1.303584,-0.1526666,0.7610001,-1.576132,0.2463759,0.7708355,-1.622922
2,4,63732505888.4148,-0.1758183,0.7671947,-1.465088,0.9628109,0.2585883,-0.07750718,0.01095308,0,1,40,229.4489,-0.1504869,0.7688819,-1.45351,-0.1526666,0.7610001,-1.576132,0.2463759,0.7708355,-1.622922
2,4,63732505891.037,0.02001901,0.7675729,-1.379737,0.9612281,0.2605318,0.07919323,-0.04350017,5,1,41,232.0711,0.02460299,0.7758425,-1.370112,-0.1526666,0.7610001,-1.576132,0.2463759,0.7708355,-1.622922
2,4,63732505893.8962,-0.1814235,0.766739,-1.24205,0.9604495,0.2733087,0.03540942,-0.03981631,3,1,42,234.9303,-0.1462469,0.7745345,-1.228621,-0.1526666,0.7610001,-1.576132,0.2463759,0.7708355,-1.622922
2,4,63732505896.7725,-0.1498526,0.7669178,-1.409086,0.9647885,0.260798,-0.00313234,-0.03402841,1,1,43,237.8071,-0.1490736,0.7707661,-1.378547,-0.1526666,0.7610001,-1.576132,0.2463759,0.7708355,-1.622922
2,4,63732505899.8634,-0.1671826,0.7681971,-1.480714,0.9614543,0.2728667,-0.03164236,-0.01216838,0,1,44,240.8978,-0.1504869,0.7688819,-1.45351,-0.1526666,0.7610001,-1.576132,0.2463759,0.7708355,-1.622922
2,4,63732505902.0331,0.08426937,0.7693821,-1.485084,0.9560246,0.2710762,0.1018019,-0.0465962,6,1,45,243.0672,0.08348924,0.7756977,-1.443086,-0.1526666,0.7610001,-1.576132,0.2463759,0.7708355,-1.622922
2,4,63732505904.2857,-0.05800369,0.7671448,-1.324078,0.9613317,0.2699798,0.03279566,-0.04332139,4,1,46,245.3204,-0.05567428,0.7747842,-1.321663,-0.1526666,0.7610001,-1.576132,0.2463759,0.7708355,-1.622922
2,4,63732505907.5736,-0.1670145,0.7653735,-1.306308,0.9664667,0.2558548,-0.0201529,-0.00862132,2,1,47,248.6082,-0.1476603,0.7726503,-1.303584,-0.1526666,0.7610001,-1.576132,0.2463759,0.7708355,-1.622922
2,4,63732505910.852,0.04487308,0.7678618,-1.399638,0.9596851,0.2565883,0.1034299,-0.04969044,5,1,48,251.886,0.02460299,0.7758425,-1.370112,-0.1526666,0.7610001,-1.576132,0.2463759,0.7708355,-1.622922
2,4,63732505913.524,-0.1636621,0.7666818,-1.261295,0.9600873,0.2770504,0.00829323,-0.03750591,3,1,49,254.5584,-0.1462469,0.7745345,-1.228621,-0.1526666,0.7610001,-1.576132,0.2463759,0.7708355,-1.622922
2,4,63732505917.8413,-0.1499193,0.7657974,-1.224318,0.9678015,0.2481707,0.02452514,-0.03420735,3,1,50,258.8757,-0.1462469,0.7745345,-1.228621,-0.1526666,0.7610001,-1.576132,0.2463759,0.7708355,-1.622922
2,4,63732505920.953,-0.03453736,0.7674538,-1.343417,0.9577187,0.272137,0.0796464,-0.04871185,4,1,51,261.9879,-0.05567428,0.7747842,-1.321663,-0.1526666,0.7610001,-1.576132,0.2463759,0.7708355,-1.622922
2,4,63732505924.648,-0.1545122,0.7672279,-1.312505,0.958762,0.2817595,-0.02568739,-0.02696709,2,1,52,265.6823,-0.1476603,0.7726503,-1.303584,-0.1526666,0.7610001,-1.576132,0.2463759,0.7708355,-1.622922
2,4,63732505927.2391,-0.1661501,0.7676699,-1.475357,0.9586059,0.2758545,-0.07038457,0.005001172,0,1,53,268.2732,-0.1504869,0.7688819,-1.45351,-0.1526666,0.7610001,-1.576132,0.2463759,0.7708355,-1.622922
2,4,63732505930.1334,-0.1515371,0.7677675,-1.389182,0.9631661,0.2635376,-0.05123438,-0.01530031,1,1,54,271.1679,-0.1490736,0.7707661,-1.378547,-0.1526666,0.7610001,-1.576132,0.2463759,0.7708355,-1.622922
2,4,63732505932.5313,0.09200431,0.7693549,-1.475087,0.9562274,0.2674018,0.1069451,-0.05184808,6,1,55,273.5658,0.08348924,0.7756977,-1.443086,-0.1526666,0.7610001,-1.576132,0.2463759,0.7708355,-1.622922
2,4,63732505935.1611,0.007448871,0.7679512,-1.384691,0.9646775,0.2621592,0.006582669,-0.02503161,5,1,56,276.1956,0.02460299,0.7758425,-1.370112,-0.1526666,0.7610001,-1.576132,0.2463759,0.7708355,-1.622922
2,4,63732505937.8566,0.06268815,0.7681004,-1.459873,0.9668538,0.237715,0.08691085,-0.03364202,6,1,57,278.8908,0.08348924,0.7756977,-1.443086,-0.1526666,0.7610001,-1.576132,0.2463759,0.7708355,-1.622922
2,4,63732505940.7856,-0.1792339,0.7658961,-1.243183,0.9659004,0.2537415,-0.04810473,-0.01837489,3,1,58,281.8198,-0.1462469,0.7745345,-1.228621,-0.1526666,0.7610001,-1.576132,0.2463759,0.7708355,-1.622922
2,4,63732505943.7074,-0.1649181,0.7678683,-1.475806,0.9599231,0.2726718,-0.06471237,0.003147351,0,1,59,284.7417,-0.1504869,0.7688819,-1.45351,-0.1526666,0.7610001,-1.576132,0.2463759,0.7708355,-1.622922
2,4,63732505946.4512,-0.05983494,0.7669706,-1.351372,0.9598378,0.2636015,0.08523162,-0.04428498,4,1,60,287.4861,-0.05567428,0.7747842,-1.321663,-0.1526666,0.7610001,-1.576132,0.2463759,0.7708355,-1.622922
2,4,63732505949.0183,-0.1689912,0.7680376,-1.399825,0.9598226,0.2746862,-0.05585341,-0.01298252,1,1,61,290.0524,-0.1490736,0.7707661,-1.378547,-0.1526666,0.7610001,-1.576132,0.2463759,0.7708355,-1.622922
2,4,63732505951.8922,-0.1714256,0.7668816,-1.306707,0.9655891,0.2560269,-0.04207019,-0.01783559,2,1,62,292.9266,-0.1476603,0.7726503,-1.303584,-0.1526666,0.7610001,-1.576132,0.2463759,0.7708355,-1.622922
2,4,63732505954.3839,0.02892931,0.7685075,-1.410181,0.9545798,0.2821197,0.08523702,-0.04382654,5,1,63,295.418,0.02460299,0.7758425,-1.370112,-0.1526666,0.7610001,-1.576132,0.2463759,0.7708355,-1.622922
2,4,63732505956.8518,-0.1669373,0.7664165,-1.263585,0.9624483,0.2661642,0.0321054,-0.04265324,3,1,64,297.8858,-0.1462469,0.7745345,-1.228621,-0.1526666,0.7610001,-1.576132,0.2463759,0.7708355,-1.622922
2,4,63732505959.723,0.01432735,0.7682414,-1.408898,0.9630836,0.2681138,0.005034383,-0.02365737,5,1,65,300.7572,0.02460299,0.7758425,-1.370112,-0.1526666,0.7610001,-1.576132,0.2463759,0.7708355,-1.622922
2,4,63732505962.1805,-0.1686485,0.7675911,-1.397181,0.9540671,0.2875006,-0.08419944,-0.003124243,1,1,66,303.2153,-0.1490736,0.7707661,-1.378547,-0.1526666,0.7610001,-1.576132,0.2463759,0.7708355,-1.622922
2,4,63732505964.7761,-0.1743941,0.7664101,-1.323702,0.963747,0.2593125,-0.05929994,-0.02079314,2,1,67,305.8101,-0.1476603,0.7726503,-1.303584,-0.1526666,0.7610001,-1.576132,0.2463759,0.7708355,-1.622922
2,4,63732505967.8754,-0.05575836,0.7670048,-1.378398,0.9665377,0.2550517,0.002386282,-0.02734921,4,1,68,308.9097,-0.05567428,0.7747842,-1.321663,-0.1526666,0.7610001,-1.576132,0.2463759,0.7708355,-1.622922
2,4,63732505970.4725,-0.1777584,0.7680566,-1.472727,0.9579898,0.2693163,-0.09847821,-0.005151308,0,1,69,311.5067,-0.1504869,0.7688819,-1.45351,-0.1526666,0.7610001,-1.576132,0.2463759,0.7708355,-1.622922
2,4,63732505973.0796,0.05471689,0.7687613,-1.470238,0.9567369,0.2641364,0.1107274,-0.05124434,6,1,70,314.1143,0.08348924,0.7756977,-1.443086,-0.1526666,0.7610001,-1.576132,0.2463759,0.7708355,-1.622922
2,4,63732505976.2233,-0.1535122,0.7670423,-1.384598,0.9639325,0.2639003,-0.02206536,-0.02653236,1,1,71,317.2574,-0.1490736,0.7707661,-1.378547,-0.1526666,0.7610001,-1.576132,0.2463759,0.7708355,-1.622922
2,4,63732505978.4267,0.02469198,0.7677729,-1.398032,0.965555,0.2500703,0.06137814,-0.0374322,5,1,72,319.4611,0.02460299,0.7758425,-1.370112,-0.1526666,0.7610001,-1.576132,0.2463759,0.7708355,-1.622922
2,4,63732505981.5608,-0.1698337,0.7660756,-1.315956,0.9639983,0.2588323,-0.05887071,-0.01572901,2,1,73,322.5948,-0.1476603,0.7726503,-1.303584,-0.1526666,0.7610001,-1.576132,0.2463759,0.7708355,-1.622922
2,4,63732505983.8335,-0.1678755,0.7686014,-1.46941,0.9562041,0.2696821,-0.1131589,0.01185823,0,1,74,324.8684,-0.1504869,0.7688819,-1.45351,-0.1526666,0.7610001,-1.576132,0.2463759,0.7708355,-1.622922
2,4,63732505986.1727,0.0769777,0.7691842,-1.465876,0.9560068,0.2568327,0.1266279,-0.06366585,6,1,75,327.2067,0.08348924,0.7756977,-1.443086,-0.1526666,0.7610001,-1.576132,0.2463759,0.7708355,-1.622922
2,4,63732505989.3074,-0.05256699,0.7663862,-1.33385,0.9629881,0.2593261,0.06448067,-0.03530078,4,1,76,330.3416,-0.05567428,0.7747842,-1.321663,-0.1526666,0.7610001,-1.576132,0.2463759,0.7708355,-1.622922
2,4,63732505992.441,-0.1635899,0.7650988,-1.236938,0.9707479,0.2381928,-0.01390507,-0.02681819,3,1,77,333.4757,-0.1462469,0.7745345,-1.228621,-0.1526666,0.7610001,-1.576132,0.2463759,0.7708355,-1.622922
2,4,63732505995.7532,-0.05193851,0.7665558,-1.334486,0.9660112,0.2551684,0.02434457,-0.03344696,4,1,78,336.7873,-0.05567428,0.7747842,-1.321663,-0.1526666,0.7610001,-1.576132,0.2463759,0.7708355,-1.622922
2,4,63732505998.5665,0.01803769,0.7677066,-1.403544,0.9619438,0.2586667,0.07857354,-0.03977311,5,1,79,339.6013,0.02460299,0.7758425,-1.370112,-0.1526666,0.7610001,-1.576132,0.2463759,0.7708355,-1.622922
2,4,63732506000.8438,0.08439766,0.769833,-1.485244,0.9528655,0.27007,0.1285859,-0.05074739,6,1,80,341.8784,0.08348924,0.7756977,-1.443086,-0.1526666,0.7610001,-1.576132,0.2463759,0.7708355,-1.622922
2,4,63732506003.6936,-0.1697318,0.7666605,-1.217707,-0.9586922,-0.2825468,0.01084326,0.0309692,3,1,81,344.7284,-0.1462469,0.7745345,-1.228621,-0.1526666,0.7610001,-1.576132,0.2463759,0.7708355,-1.622922
2,4,63732506007.134,-0.1551497,0.7674112,-1.397456,-0.9613531,-0.2641465,0.07763375,-0.0001598351,1,1,82,348.1681,-0.1490736,0.7707661,-1.378547,-0.1526666,0.7610001,-1.576132,0.2463759,0.7708355,-1.622922
2,4,63732506010.9343,-0.1739451,0.7664224,-1.300278,-0.9629149,-0.2614132,0.06409781,0.01869834,2,1,83,351.969,-0.1476603,0.7726503,-1.303584,-0.1526666,0.7610001,-1.576132,0.2463759,0.7708355,-1.622922
2,4,63732506013.6152,-0.1758536,0.7674298,-1.462981,-0.9609153,-0.2646168,0.08116748,-0.005622519,0,1,84,354.6499,-0.1504869,0.7688819,-1.45351,-0.1526666,0.7610001,-1.576132,0.2463759,0.7708355,-1.622922
2,4,63732506016.639,0.0364925,0.7671829,-1.385285,-0.9700943,-0.2348775,-0.05795245,0.01977742,5,1,85,357.6731,0.02460299,0.7758425,-1.370112,-0.1526666,0.7610001,-1.576132,0.2463759,0.7708355,-1.622922
2,4,63732506019.7177,-0.1741635,0.7666351,-1.300167,-0.9593509,-0.2570878,0.1163064,-0.004966604,2,1,86,360.7518,-0.1476603,0.7726503,-1.303584,-0.1526666,0.7610001,-1.576132,0.2463759,0.7708355,-1.622922
2,4,63732506022.63,-0.1765044,0.7666514,-1.215382,-0.9626268,-0.2676689,0.0324689,0.02547051,3,1,87,363.6642,-0.1462469,0.7745345,-1.228621,-0.1526666,0.7610001,-1.576132,0.2463759,0.7708355,-1.622922
2,4,63732506025.4805,0.06676143,0.7687919,-1.468574,-0.9613601,-0.2596626,-0.08266302,0.0391033,6,1,88,366.5148,0.08348924,0.7756977,-1.443086,-0.1526666,0.7610001,-1.576132,0.2463759,0.7708355,-1.622922
2,4,63732506027.5078,-0.1641699,0.767079,-1.453899,-0.9636633,-0.2641782,0.03941028,0.003106725,0,1,89,368.5427,-0.1504869,0.7688819,-1.45351,-0.1526666,0.7610001,-1.576132,0.2463759,0.7708355,-1.622922
2,4,63732506030.8103,-0.1582231,0.7676737,-1.39238,-0.9544689,-0.2896285,0.07102269,0.007759084,1,1,90,371.8446,-0.1490736,0.7707661,-1.378547,-0.1526666,0.7610001,-1.576132,0.2463759,0.7708355,-1.622922
2,4,63732506033.5925,-0.0691869,0.7665477,-1.316952,-0.9668968,-0.2535492,0.01736917,0.02284034,4,1,91,374.6271,-0.05567428,0.7747842,-1.321663,-0.1526666,0.7610001,-1.576132,0.2463759,0.7708355,-1.622922
2,4,63732506036.38,-0.170583,0.7660974,-1.216735,-0.9638487,-0.2640948,0.01441591,0.03228086,3,1,92,377.4143,-0.1462469,0.7745345,-1.228621,-0.1526666,0.7610001,-1.576132,0.2463759,0.7708355,-1.622922
2,4,63732506039.2142,-0.1708776,0.7658731,-1.29062,-0.9651831,-0.2556482,0.05478195,0.008027267,2,1,93,380.2487,-0.1476603,0.7726503,-1.303584,-0.1526666,0.7610001,-1.576132,0.2463759,0.7708355,-1.622922
2,4,63732506042.0656,-0.1723979,0.7665797,-1.386414,-0.959507,-0.2653815,0.0942018,0.006709771,1,1,94,383.1001,-0.1490736,0.7707661,-1.378547,-0.1526666,0.7610001,-1.576132,0.2463759,0.7708355,-1.622922
2,4,63732506044.906,0.03342826,0.7671463,-1.380142,-0.9715132,-0.2352412,-0.02571231,0.01274562,5,1,95,385.9409,0.02460299,0.7758425,-1.370112,-0.1526666,0.7610001,-1.576132,0.2463759,0.7708355,-1.622922
2,4,63732506047.0804,0.08131652,0.7683895,-1.467813,-0.9680645,-0.2362146,-0.07963076,0.02669615,6,1,96,388.1146,0.08348924,0.7756977,-1.443086,-0.1526666,0.7610001,-1.576132,0.2463759,0.7708355,-1.622922
2,4,63732506049.8655,-0.0562075,0.7661235,-1.316226,-0.9670419,-0.2522098,-0.01315957,0.03235874,4,1,97,390.9004,-0.05567428,0.7747842,-1.321663,-0.1526666,0.7610001,-1.576132,0.2463759,0.7708355,-1.622922
2,4,63732506053.0069,-0.1727241,0.7665319,-1.458864,-0.9662235,-0.2470036,0.07346689,-0.002018893,0,1,98,394.041,-0.1504869,0.7688819,-1.45351,-0.1526666,0.7610001,-1.576132,0.2463759,0.7708355,-1.622922
2,4,63732506056.3195,-0.1717568,0.7671385,-1.38312,-0.9505545,-0.2720831,0.1492557,-0.01181934,1,1,99,397.3536,-0.1490736,0.7707661,-1.378547,-0.1526666,0.7610001,-1.576132,0.2463759,0.7708355,-1.622922
2,4,63732506059.0427,-0.1731132,0.7664241,-1.285825,-0.9669903,-0.2480617,0.05764267,0.008522326,2,1,100,400.0771,-0.1476603,0.7726503,-1.303584,-0.1526666,0.7610001,-1.576132,0.2463759,0.7708355,-1.622922
2,4,63732506062.6967,-0.04132771,0.7671863,-1.341134,-0.9636383,-0.2600482,-0.04010908,0.04655683,4,1,101,403.7313,-0.05567428,0.7747842,-1.321663,-0.1526666,0.7610001,-1.576132,0.2463759,0.7708355,-1.622922
2,4,63732506065.5923,0.07237305,0.769254,-1.473444,0.961619,0.2649329,0.05612875,-0.04414972,6,1,102,406.6263,0.08348924,0.7756977,-1.443086,-0.1526666,0.7610001,-1.576132,0.2463759,0.7708355,-1.622922
2,4,63732506068.3579,0.009044189,0.7672395,-1.368945,0.965319,0.2582266,0.02255981,-0.03113525,5,1,103,409.3926,0.02460299,0.7758425,-1.370112,-0.1526666,0.7610001,-1.576132,0.2463759,0.7708355,-1.622922
2,4,63732506071.161,-0.1692625,0.7658381,-1.233087,0.9685894,0.2438419,-0.04722112,-0.01208291,3,1,104,412.1953,-0.1462469,0.7745345,-1.228621,-0.1526666,0.7610001,-1.576132,0.2463759,0.7708355,-1.622922
2,4,63732506073.8202,-0.1713107,0.7671416,-1.467297,0.9690263,0.243938,-0.03844142,-0.002141007,0,1,105,414.8546,-0.1504869,0.7688819,-1.45351,-0.1526666,0.7610001,-1.576132,0.2463759,0.7708355,-1.622922
2,4,63732506076.3289,-0.165233,0.7674189,-1.468028,0.9603371,0.2625913,-0.09379026,-0.00137747,0,1,106,417.3634,-0.1504869,0.7688819,-1.45351,-0.1526666,0.7610001,-1.576132,0.2463759,0.7708355,-1.622922
2,4,63732506078.8722,-0.06246844,0.7661484,-1.323783,0.9671476,0.2464649,0.05033892,-0.03669563,4,1,107,419.9068,-0.05567428,0.7747842,-1.321663,-0.1526666,0.7610001,-1.576132,0.2463759,0.7708355,-1.622922
2,4,63732506081.2888,0.02683795,0.7675498,-1.37303,0.9638194,0.2536012,0.07250489,-0.0384946,5,1,108,422.3229,0.02460299,0.7758425,-1.370112,-0.1526666,0.7610001,-1.576132,0.2463759,0.7708355,-1.622922
2,4,63732506083.9456,-0.1793427,0.7673289,-1.386153,0.9644364,0.2545056,-0.07094326,-0.007521983,1,1,109,424.9798,-0.1490736,0.7707661,-1.378547,-0.1526666,0.7610001,-1.576132,0.2463759,0.7708355,-1.622922
2,4,63732506088.118,0.07845245,0.7681287,-1.434337,0.9631375,0.2459504,0.09781918,-0.04802001,6,1,110,429.1522,0.08348924,0.7756977,-1.443086,-0.1526666,0.7610001,-1.576132,0.2463759,0.7708355,-1.622922
2,4,63732506090.7315,-0.1780929,0.7662573,-1.250399,0.963737,0.2634129,-0.03560767,-0.02360064,3,1,111,431.7662,-0.1462469,0.7745345,-1.228621,-0.1526666,0.7610001,-1.576132,0.2463759,0.7708355,-1.622922
2,4,63732506093.8939,-0.1817409,0.765115,-1.312712,0.9731182,0.2249435,-0.04828018,-0.01051264,2,1,112,434.9284,-0.1476603,0.7726503,-1.303584,-0.1526666,0.7610001,-1.576132,0.2463759,0.7708355,-1.622922
2,4,63732506097.5495,0.06528664,0.7687851,-1.463403,0.9631806,0.2590421,0.06627978,-0.02806095,6,1,113,438.5844,0.08348924,0.7756977,-1.443086,-0.1526666,0.7610001,-1.576132,0.2463759,0.7708355,-1.622922
2,4,63732506100.3195,-0.1749194,0.7675375,-1.469841,0.9655619,0.2549931,-0.05122078,-0.006724978,0,1,114,441.3538,-0.1504869,0.7688819,-1.45351,-0.1526666,0.7610001,-1.576132,0.2463759,0.7708355,-1.622922
2,4,63732506104.2814,-0.07288714,0.7668402,-1.350387,0.9647615,0.2606765,-0.02669081,-0.02388991,4,1,115,445.3157,-0.05567428,0.7747842,-1.321663,-0.1526666,0.7610001,-1.576132,0.2463759,0.7708355,-1.622922
2,4,63732506107.162,0.02025707,0.767848,-1.382416,0.9626127,0.266159,0.03292736,-0.03810421,5,1,116,448.1966,0.02460299,0.7758425,-1.370112,-0.1526666,0.7610001,-1.576132,0.2463759,0.7708355,-1.622922
2,4,63732506109.9651,-0.1720542,0.76626,-1.238732,0.9617324,0.2693719,0.02722253,-0.04205463,3,1,117,450.9994,-0.1462469,0.7745345,-1.228621,-0.1526666,0.7610001,-1.576132,0.2463759,0.7708355,-1.622922
2,4,63732506112.9027,-0.1610677,0.7657354,-1.325979,0.9664173,0.2446684,-0.0784626,-0.004345137,2,1,118,453.9373,-0.1476603,0.7726503,-1.303584,-0.1526666,0.7610001,-1.576132,0.2463759,0.7708355,-1.622922
2,4,63732506115.6325,-0.1762757,0.7671428,-1.413537,0.9573166,0.2674685,-0.1092753,0.008034024,1,1,119,456.6674,-0.1490736,0.7707661,-1.378547,-0.1526666,0.7610001,-1.576132,0.2463759,0.7708355,-1.622922
2,4,63732506118.7038,-0.08009283,0.7665978,-1.323401,0.9652819,0.259146,-0.02259145,-0.02374442,4,1,120,459.7384,-0.05567428,0.7747842,-1.321663,-0.1526666,0.7610001,-1.576132,0.2463759,0.7708355,-1.622922
2,4,63732506121.9494,-0.1680281,0.7648662,-1.295648,0.9709408,0.2368385,-0.03223988,-0.0119276,2,1,121,462.9838,-0.1476603,0.7726503,-1.303584,-0.1526666,0.7610001,-1.576132,0.2463759,0.7708355,-1.622922
2,4,63732506124.9439,0.06252727,0.7686805,-1.460734,0.9689782,0.2395877,0.0500931,-0.03420103,6,1,122,465.9784,0.08348924,0.7756977,-1.443086,-0.1526666,0.7610001,-1.576132,0.2463759,0.7708355,-1.622922
2,4,63732506127.3475,-0.1767229,0.767282,-1.466015,0.9588307,0.2618469,-0.1098969,-0.001627815,0,1,123,468.3817,-0.1504869,0.7688819,-1.45351,-0.1526666,0.7610001,-1.576132,0.2463759,0.7708355,-1.622922
2,4,63732506130.7753,0.009490105,0.7672636,-1.373476,0.9643862,0.2545927,0.06077062,-0.0380637,5,1,124,471.8096,0.02460299,0.7758425,-1.370112,-0.1526666,0.7610001,-1.576132,0.2463759,0.7708355,-1.622922
2,4,63732506133.8492,-0.1731198,0.7667276,-1.387711,0.9614429,0.2499948,-0.1140998,0.01055412,1,1,125,474.884,-0.1490736,0.7707661,-1.378547,-0.1526666,0.7610001,-1.576132,0.2463759,0.7708355,-1.622922
2,4,63732506136.7715,-0.1790438,0.7666954,-1.221264,0.9599761,0.2649324,-0.09072798,0.00501204,3,1,126,477.8059,-0.1462469,0.7745345,-1.228621,-0.1526666,0.7610001,-1.576132,0.2463759,0.7708355,-1.622922
2,4,63732506139.8556,-0.06407776,0.7670892,-1.336585,-0.9630331,-0.2652453,0.04251393,0.02011922,4,1,127,480.8898,-0.05567428,0.7747842,-1.321663,-0.1526666,0.7610001,-1.576132,0.2463759,0.7708355,-1.622922
2,4,63732506142.3805,-0.1641937,0.7674312,-1.383837,-0.9579123,-0.2745174,0.0830909,0.01184177,1,1,128,483.415,-0.1490736,0.7707661,-1.378547,-0.1526666,0.7610001,-1.576132,0.2463759,0.7708355,-1.622922
2,4,63732506145.2163,-0.1763782,0.7653605,-1.229632,-0.9724193,-0.2325402,-0.008042929,0.01615956,3,1,129,486.2504,-0.1462469,0.7745345,-1.228621,-0.1526666,0.7610001,-1.576132,0.2463759,0.7708355,-1.622922
2,4,63732506148.0127,0.07081024,0.7690571,-1.474874,-0.9627073,-0.2573878,-0.06826127,0.04781873,6,1,130,489.0475,0.08348924,0.7756977,-1.443086,-0.1526666,0.7610001,-1.576132,0.2463759,0.7708355,-1.622922
2,4,63732506150.3363,-0.1614248,0.7670802,-1.450603,-0.9646784,-0.2546988,0.06712628,-0.004264093,0,1,131,491.371,-0.1504869,0.7688819,-1.45351,-0.1526666,0.7610001,-1.576132,0.2463759,0.7708355,-1.622922
2,4,63732506153.36,0.01287946,0.7668731,-1.390934,-0.9708477,-0.2388546,-0.01165673,0.01635171,5,1,132,494.3946,0.02460299,0.7758425,-1.370112,-0.1526666,0.7610001,-1.576132,0.2463759,0.7708355,-1.622922
2,4,63732506155.6641,-0.1677894,0.7654921,-1.304279,-0.9721343,-0.2332368,-0.01604614,0.01726546,2,1,133,496.6991,-0.1476603,0.7726503,-1.303584,-0.1526666,0.7610001,-1.576132,0.2463759,0.7708355,-1.622922
2,4,63732506157.8119,-0.1658131,0.7679607,-1.398417,-0.9626667,-0.2693717,0.01094696,0.02432945,1,1,134,498.8463,-0.1490736,0.7707661,-1.378547,-0.1526666,0.7610001,-1.576132,0.2463759,0.7708355,-1.622922
2,4,63732506160.9259,0.04237991,0.7674188,-1.375985,-0.9654793,-0.2541879,-0.05129056,0.02464645,5,1,135,501.9599,0.02460299,0.7758425,-1.370112,-0.1526666,0.7610001,-1.576132,0.2463759,0.7708355,-1.622922
2,4,63732506163.7003,-0.1440435,0.7658817,-1.228273,-0.9683189,-0.2407299,-0.04988313,0.04380961,3,1,136,504.7353,-0.1462469,0.7745345,-1.228621,-0.1526666,0.7610001,-1.576132,0.2463759,0.7708355,-1.622922
2,4,63732506166.2829,0.06142605,0.7679818,-1.446645,-0.9691603,-0.2454171,0.01700105,0.01448854,6,1,137,507.3178,0.08348924,0.7756977,-1.443086,-0.1526666,0.7610001,-1.576132,0.2463759,0.7708355,-1.622922
2,4,63732506169.3266,-0.160935,0.7655975,-1.278062,-0.9677544,-0.2413764,0.07053478,0.01461691,2,1,138,510.3609,-0.1476603,0.7726503,-1.303584,-0.1526666,0.7610001,-1.576132,0.2463759,0.7708355,-1.622922
2,4,63732506171.9516,-0.03412084,0.7662593,-1.315383,-0.9689383,-0.2427684,-0.02907087,0.03710928,4,1,139,512.9861,-0.05567428,0.7747842,-1.321663,-0.1526666,0.7610001,-1.576132,0.2463759,0.7708355,-1.622922
2,4,63732506174.0082,-0.176878,0.7676994,-1.463967,0.9659569,0.2392051,-0.09824073,0.007552591,0,1,140,515.0429,-0.1504869,0.7688819,-1.45351,-0.1526666,0.7610001,-1.576132,0.2463759,0.7708355,-1.622922
2,4,63732504797.9857,-0.004328622,0.7642938,-1.318224,0.9787821,0.1333532,0.1510869,-0.03708632,4,2,1,10.52096,-0.05117874,0.7787874,-1.31652,-0.1538395,0.7728982,-1.569063,0.2442469,0.7693142,-1.624157
2,4,63732504804.1701,-0.1206657,0.7637011,-1.356732,0.9847614,0.1438642,-0.09693453,-0.01232136,1,2,2,16.70531,-0.1458171,0.7790914,-1.371464,-0.1538395,0.7728982,-1.569063,0.2442469,0.7693142,-1.624157
2,4,63732504808.3919,0.1008695,0.7660148,-1.437367,0.9856756,0.129857,0.103007,-0.03115152,6,2,3,20.92747,0.08538991,0.7768512,-1.440842,-0.1538395,0.7728982,-1.569063,0.2442469,0.7693142,-1.624157
2,4,63732504812.0671,0.04076651,0.7646556,-1.345314,0.9853182,0.128857,0.1070138,-0.0330436,5,2,4,24.60232,0.02806684,0.7778258,-1.36664,-0.1538395,0.7728982,-1.569063,0.2442469,0.7693142,-1.624157
2,4,63732504816.6266,-0.1377505,0.764601,-1.437408,0.9842877,0.144924,-0.09971543,-0.01522421,0,2,5,29.1614,-0.1488453,0.778563,-1.446401,-0.1538395,0.7728982,-1.569063,0.2442469,0.7693142,-1.624157
2,4,63732504822.1659,-0.1179095,0.7633023,-1.195358,0.9826903,0.1396024,-0.1216634,-0.00536836,3,2,6,34.70119,-0.1397606,0.7801483,-1.22159,-0.1538395,0.7728982,-1.569063,0.2442469,0.7693142,-1.624157
2,4,63732504827.8921,-0.1199254,0.7633981,-1.28906,0.9896215,0.132501,-0.05222218,-0.019123,2,2,7,40.42678,-0.1427888,0.7796199,-1.296527,-0.1538395,0.7728982,-1.569063,0.2442469,0.7693142,-1.624157
2,4,63732504832.4964,-0.1326201,0.7630672,-1.304644,0.9876994,0.1375207,-0.07261231,-0.0162912,2,2,8,45.03112,-0.1427888,0.7796199,-1.296527,-0.1538395,0.7728982,-1.569063,0.2442469,0.7693142,-1.624157
2,4,63732504836.819,-0.03784058,0.7641065,-1.313404,0.9887193,0.1374538,0.05141962,-0.02994344,4,2,9,49.35428,-0.05117874,0.7787874,-1.31652,-0.1538395,0.7728982,-1.569063,0.2442469,0.7693142,-1.624157
2,4,63732504840.9525,-0.1419481,0.7636908,-1.36619,0.9868479,0.1287675,-0.09699665,-0.0119096,1,2,10,53.48788,-0.1458171,0.7790914,-1.371464,-0.1538395,0.7728982,-1.569063,0.2442469,0.7693142,-1.624157
2,4,63732504846.1247,0.06807859,0.7654802,-1.42788,-0.9845967,-0.1277838,-0.1148621,0.03236492,6,2,11,58.6602,0.08538991,0.7768512,-1.440842,-0.1538395,0.7728982,-1.569063,0.2442469,0.7693142,-1.624157
2,4,63732504851.3963,-0.1399032,0.7644324,-1.440332,-0.9854617,-0.1343466,0.1029767,0.01456856,0,2,12,63.93173,-0.1488453,0.778563,-1.446401,-0.1538395,0.7728982,-1.569063,0.2442469,0.7693142,-1.624157
2,4,63732504855.1158,0.04860605,0.7648093,-1.357902,-0.9709666,-0.1285688,-0.1967739,0.04443011,5,2,13,67.65128,0.02806684,0.7778258,-1.36664,-0.1538395,0.7728982,-1.569063,0.2442469,0.7693142,-1.624157
2,4,63732504859.2473,-0.1145041,0.7626635,-1.23838,-0.989975,-0.1344776,0.0381061,0.02032842,3,2,14,71.78234,-0.1397606,0.7801483,-1.22159,-0.1538395,0.7728982,-1.569063,0.2442469,0.7693142,-1.624157
2,4,63732504863.8706,-0.1361682,0.7637203,-1.230367,0.9898281,0.1317129,-0.05061723,-0.0181635,3,2,15,76.40606,-0.1397606,0.7801483,-1.22159,-0.1538395,0.7728982,-1.569063,0.2442469,0.7693142,-1.624157
2,4,63732504867.4007,-0.1412031,0.7636458,-1.309442,0.9883751,0.1365884,-0.0648911,-0.01573496,2,2,16,79.93594,-0.1427888,0.7796199,-1.296527,-0.1538395,0.7728982,-1.569063,0.2442469,0.7693142,-1.624157
2,4,63732504871.6687,-0.04015897,0.7640644,-1.335951,0.9894868,0.13523,0.04233098,-0.02892846,4,2,17,84.20419,-0.05117874,0.7787874,-1.31652,-0.1538395,0.7728982,-1.569063,0.2442469,0.7693142,-1.624157
2,4,63732504876.7197,-0.1425104,0.7641438,-1.38475,0.9883316,0.1328426,-0.07291215,-0.01541006,1,2,18,89.25437,-0.1458171,0.7790914,-1.371464,-0.1538395,0.7728982,-1.569063,0.2442469,0.7693142,-1.624157
2,4,63732504880.5306,0.09760935,0.7655893,-1.436479,0.9542338,0.122919,0.2671271,-0.05451582,6,2,19,93.06551,0.08538991,0.7768512,-1.440842,-0.1538395,0.7728982,-1.569063,0.2442469,0.7693142,-1.624157
2,4,63732504884.4809,-0.142249,0.7643017,-1.445938,0.9893596,0.1418697,-0.02198706,-0.0236061,0,2,20,97.01556,-0.1488453,0.778563,-1.446401,-0.1538395,0.7728982,-1.569063,0.2442469,0.7693142,-1.624157
2,4,63732504887.9212,0.03975424,0.764342,-1.364179,0.9665523,0.1246094,0.2188855,-0.04835628,5,2,21,100.4564,0.02806684,0.7778258,-1.36664,-0.1538395,0.7728982,-1.569063,0.2442469,0.7693142,-1.624157
2,4,63732504891.4047,-0.134911,0.7646092,-1.450153,0.9909981,0.1311533,-0.01672363,-0.02102144,0,2,22,103.94,-0.1488453,0.778563,-1.446401,-0.1538395,0.7728982,-1.569063,0.2442469,0.7693142,-1.624157
2,4,63732504896.0291,-0.12517,0.7634602,-1.18872,0.9898445,0.1273274,-0.06108539,-0.01625516,3,2,23,108.5641,-0.1397606,0.7801483,-1.22159,-0.1538395,0.7728982,-1.569063,0.2442469,0.7693142,-1.624157
2,4,63732504902.3854,-0.1295507,0.763533,-1.303845,-0.9872395,-0.1309655,0.08969069,0.01271941,2,2,24,114.9204,-0.1427888,0.7796199,-1.296527,-0.1538395,0.7728982,-1.569063,0.2442469,0.7693142,-1.624157
2,4,63732504906.2155,-0.1370032,0.7639329,-1.385351,0.9898759,0.1389517,0.007342857,-0.02800459,1,2,25,118.7507,-0.1458171,0.7790914,-1.371464,-0.1538395,0.7728982,-1.569063,0.2442469,0.7693142,-1.624157
2,4,63732504909.8367,0.04829317,0.7649885,-1.371129,-0.9707853,-0.1273965,-0.198124,0.04574943,5,2,26,122.3718,0.02806684,0.7778258,-1.36664,-0.1538395,0.7728982,-1.569063,0.2442469,0.7693142,-1.624157
2,4,63732504919.3397,-0.04297084,0.7639129,-1.330657,-0.9856099,-0.1322024,-0.09975436,0.03383303,4,2,27,131.8752,-0.05117874,0.7787874,-1.31652,-0.1538395,0.7728982,-1.569063,0.2442469,0.7693142,-1.624157
2,4,63732504924.2086,0.08765422,0.7658247,-1.452251,-0.9271089,-0.1210083,-0.3484392,0.06645602,6,2,28,136.744,0.08538991,0.7768512,-1.440842,-0.1538395,0.7728982,-1.569063,0.2442469,0.7693142,-1.624157
2,4,63732504927.9882,0.02423058,0.7644833,-1.365031,-0.9649888,-0.1240377,-0.225579,0.05025458,5,2,29,140.5231,0.02806684,0.7778258,-1.36664,-0.1538395,0.7728982,-1.569063,0.2442469,0.7693142,-1.624157
2,4,63732504933.178,-0.1426293,0.7642586,-1.383337,-0.989176,-0.1344843,0.05611964,0.0171934,1,2,30,145.7128,-0.1458171,0.7790914,-1.371464,-0.1538395,0.7728982,-1.569063,0.2442469,0.7693142,-1.624157
2,4,63732504936.9104,-0.1293994,0.7636775,-1.299283,-0.9899787,-0.1305406,0.05043412,0.01891135,2,2,31,149.4454,-0.1427888,0.7796199,-1.296527,-0.1538395,0.7728982,-1.569063,0.2442469,0.7693142,-1.624157
2,4,63732504941.2785,0.09654221,0.7656029,-1.43037,-0.9344972,-0.1188849,-0.3293587,0.06406442,6,2,32,153.8137,0.08538991,0.7768512,-1.440842,-0.1538395,0.7728982,-1.569063,0.2442469,0.7693142,-1.624157
2,4,63732504945.9238,-0.123028,0.7630294,-1.245051,-0.9906455,-0.1335932,0.01301643,0.02459491,3,2,33,158.4588,-0.1397606,0.7801483,-1.22159,-0.1538395,0.7728982,-1.569063,0.2442469,0.7693142,-1.624157
2,4,63732504951.4977,-0.1294406,0.7650821,-1.4461,-0.9896803,-0.1340697,0.04634904,0.02024896,0,2,34,164.0331,-0.1488453,0.778563,-1.446401,-0.1538395,0.7728982,-1.569063,0.2442469,0.7693142,-1.624157
2,4,63732504954.3237,-0.008243641,0.7641385,-1.330472,-0.9778736,-0.1300559,-0.1591142,0.03913315,4,2,35,166.859,-0.05117874,0.7787874,-1.31652,-0.1538395,0.7728982,-1.569063,0.2442469,0.7693142,-1.624157
2,4,63732504958.3394,-0.03182349,0.763498,-1.322997,-0.990302,-0.1273254,-0.04694534,0.02977143,4,2,36,170.8742,-0.05117874,0.7787874,-1.31652,-0.1538395,0.7728982,-1.569063,0.2442469,0.7693142,-1.624157
2,4,63732504961.3239,0.1065533,0.7659141,-1.449286,-0.9299939,-0.1212652,-0.3406899,0.06585243,6,2,37,173.859,0.08538991,0.7768512,-1.440842,-0.1538395,0.7728982,-1.569063,0.2442469,0.7693142,-1.624157
2,4,63732504965.4346,-0.1398605,0.7630207,-1.30555,-0.9906821,-0.1334648,-0.00287335,0.02697828,2,2,38,177.9701,-0.1427888,0.7796199,-1.296527,-0.1538395,0.7728982,-1.569063,0.2442469,0.7693142,-1.624157
2,4,63732504968.6985,-0.1498695,0.7649398,-1.441909,-0.9895638,-0.1386695,0.03148296,0.02330604,0,2,39,181.2337,-0.1488453,0.778563,-1.446401,-0.1538395,0.7728982,-1.569063,0.2442469,0.7693142,-1.624157
2,4,63732504972.0906,-0.1374353,0.7628357,-1.226798,-0.9910211,-0.1311537,0.007202002,0.02498073,3,2,40,184.6254,-0.1397606,0.7801483,-1.22159,-0.1538395,0.7728982,-1.569063,0.2442469,0.7693142,-1.624157
2,4,63732504976.9863,0.03072955,0.7642071,-1.353991,-0.9602175,-0.128217,-0.2414327,0.05703393,5,2,41,189.5213,0.02806684,0.7778258,-1.36664,-0.1538395,0.7728982,-1.569063,0.2442469,0.7693142,-1.624157
2,4,63732504981.2422,-0.1561202,0.7640257,-1.377126,-0.9900382,-0.1315266,0.04618077,0.01981253,1,2,42,193.777,-0.1458171,0.7790914,-1.371464,-0.1538395,0.7728982,-1.569063,0.2442469,0.7693142,-1.624157
2,4,63732504984.2896,-0.154836,0.7644365,-1.457131,-0.9865501,-0.1420085,0.07954956,0.0149809,0,2,43,196.8246,-0.1488453,0.778563,-1.446401,-0.1538395,0.7728982,-1.569063,0.2442469,0.7693142,-1.624157
2,4,63732504988.2971,0.04219662,0.7645358,-1.366116,-0.958614,-0.1200895,-0.2527415,0.0525319,5,2,44,200.8319,0.02806684,0.7778258,-1.36664,-0.1538395,0.7728982,-1.569063,0.2442469,0.7693142,-1.624157
2,4,63732504992.727,-0.1297556,0.7628146,-1.291846,-0.9906582,-0.1307543,-0.02463678,0.02987631,2,2,45,205.2622,-0.1427888,0.7796199,-1.296527,-0.1538395,0.7728982,-1.569063,0.2442469,0.7693142,-1.624157
2,4,63732504997.3671,-0.03249226,0.7635822,-1.327778,-0.969727,-0.1230881,-0.205618,0.04690599,4,2,46,209.9025,-0.05117874,0.7787874,-1.31652,-0.1538395,0.7728982,-1.569063,0.2442469,0.7693142,-1.624157
2,4,63732505000.9874,-0.1434375,0.7631757,-1.370412,-0.9899198,-0.1317301,0.04784421,0.02041786,1,2,47,213.5229,-0.1458171,0.7790914,-1.371464,-0.1538395,0.7728982,-1.569063,0.2442469,0.7693142,-1.624157
2,4,63732505005.4129,0.1009447,0.7657413,-1.446428,0.9358517,0.1204729,0.3252008,-0.06254981,6,2,48,217.9483,0.08538991,0.7768512,-1.440842,-0.1538395,0.7728982,-1.569063,0.2442469,0.7693142,-1.624157
2,4,63732505011.3779,-0.13555,0.7632241,-1.215934,0.9913222,0.1202556,0.04273815,-0.03150241,3,2,49,223.9129,-0.1397606,0.7801483,-1.22159,-0.1538395,0.7728982,-1.569063,0.2442469,0.7693142,-1.624157
2,4,63732505015.0064,-0.1556627,0.7643133,-1.450624,0.9891585,0.1275052,0.06583987,-0.03119559,0,2,50,227.5411,-0.1488453,0.778563,-1.446401,-0.1538395,0.7728982,-1.569063,0.2442469,0.7693142,-1.624157
2,4,63732505018.5021,-0.1528896,0.762915,-1.291655,-0.9898843,-0.1346357,-0.02786627,0.03500932,2,2,51,231.0374,-0.1427888,0.7796199,-1.296527,-0.1538395,0.7728982,-1.569063,0.2442469,0.7693142,-1.624157
2,4,63732505023.597,-0.1502768,0.7631403,-1.362186,-0.9908015,-0.1323489,0.001545264,0.02817481,1,2,52,236.1325,-0.1458171,0.7790914,-1.371464,-0.1538395,0.7728982,-1.569063,0.2442469,0.7693142,-1.624157
2,4,63732505027.6402,0.1121674,0.7656525,-1.4422,0.9255733,0.1108743,0.3558636,-0.06619631,6,2,53,240.1754,0.08538991,0.7768512,-1.440842,-0.1538395,0.7728982,-1.569063,0.2442469,0.7693142,-1.624157
2,4,63732505031.704,-0.02621588,0.7635648,-1.318827,0.9639752,0.1205955,0.2316311,-0.05055388,4,2,54,244.2392,-0.05117874,0.7787874,-1.31652,-0.1538395,0.7728982,-1.569063,0.2442469,0.7693142,-1.624157
2,4,63732505035.559,-0.1175262,0.762904,-1.231997,0.9910102,0.1266697,0.03327531,-0.02732112,3,2,55,248.0937,-0.1397606,0.7801483,-1.22159,-0.1538395,0.7728982,-1.569063,0.2442469,0.7693142,-1.624157
2,4,63732505039.9858,0.0590803,0.7648014,-1.380987,0.9230329,0.1134975,0.3609881,-0.06939933,5,2,56,252.5208,0.02806684,0.7778258,-1.36664,-0.1538395,0.7728982,-1.569063,0.2442469,0.7693142,-1.624157
2,4,63732505043.9793,-0.02399743,0.7635965,-1.314833,0.9881702,0.125038,0.08329789,-0.03076845,4,2,57,256.5148,-0.05117874,0.7787874,-1.31652,-0.1538395,0.7728982,-1.569063,0.2442469,0.7693142,-1.624157
2,4,63732505047.3521,-0.1579549,0.7643283,-1.437729,0.9910492,0.1314282,0.0006263966,-0.02340504,0,2,58,259.8871,-0.1488453,0.778563,-1.446401,-0.1538395,0.7728982,-1.569063,0.2442469,0.7693142,-1.624157
2,4,63732505051.8869,0.04008268,0.7647591,-1.368374,0.9454059,0.1194845,0.2975106,-0.05846816,5,2,59,264.4219,0.02806684,0.7778258,-1.36664,-0.1538395,0.7728982,-1.569063,0.2442469,0.7693142,-1.624157
2,4,63732505055.0891,0.1184207,0.7658545,-1.442759,0.8603522,0.09728974,0.4936369,-0.08155664,6,2,60,267.6238,0.08538991,0.7768512,-1.440842,-0.1538395,0.7728982,-1.569063,0.2442469,0.7693142,-1.624157
2,4,63732505179.837,-0.1290156,0.7644916,-1.274838,-0.9836785,-0.1749653,-0.02586235,0.03308977,2,2,61,392.3723,-0.1427888,0.7796199,-1.296527,-0.1538395,0.7728982,-1.569063,0.2442469,0.7693142,-1.624157
2,4,63732505184.1898,-0.1419924,0.765633,-1.384482,-0.9814535,-0.18573,-0.03663316,0.03019142,1,2,62,396.7247,-0.1458171,0.7790914,-1.371464,-0.1538395,0.7728982,-1.569063,0.2442469,0.7693142,-1.624157
2,4,63732505187.6902,-0.1162808,0.7647094,-1.214347,-0.9807999,-0.187912,-0.03947323,0.03409485,3,2,63,400.2254,-0.1397606,0.7801483,-1.22159,-0.1538395,0.7728982,-1.569063,0.2442469,0.7693142,-1.624157
2,4,63732505190.9629,-0.1402879,0.7662712,-1.446055,-0.9775624,-0.1953376,-0.06942467,0.0373543,0,2,64,403.4977,-0.1488453,0.778563,-1.446401,-0.1538395,0.7728982,-1.569063,0.2442469,0.7693142,-1.624157
2,4,63732505194.3355,-0.0217675,0.7656665,-1.322691,0.9577228,0.1876692,0.2066636,-0.06955238,4,2,65,406.8704,-0.05117874,0.7787874,-1.31652,-0.1538395,0.7728982,-1.569063,0.2442469,0.7693142,-1.624157
2,4,63732505200.2593,0.04831831,0.766583,-1.365479,0.9061761,0.1616645,0.3791592,-0.0945914,5,2,66,412.7939,0.02806684,0.7778258,-1.36664,-0.1538395,0.7728982,-1.569063,0.2442469,0.7693142,-1.624157
2,4,63732505204.8696,-0.1265068,0.764343,-1.216375,0.9803775,0.1822336,0.06402673,-0.03938959,3,2,67,417.4051,-0.1397606,0.7801483,-1.22159,-0.1538395,0.7728982,-1.569063,0.2442469,0.7693142,-1.624157
2,4,63732505209.3162,-0.1367165,0.7646942,-1.280132,0.9830592,0.1810816,-0.005360865,-0.0278444,2,2,68,421.8509,-0.1427888,0.7796199,-1.296527,-0.1538395,0.7728982,-1.569063,0.2442469,0.7693142,-1.624157
2,4,63732505213.1953,-0.145422,0.7651932,-1.386507,0.9833111,0.1779438,0.02257998,-0.03042082,1,2,69,425.7305,-0.1458171,0.7790914,-1.371464,-0.1538395,0.7728982,-1.569063,0.2442469,0.7693142,-1.624157
2,4,63732505217.3417,0.08390068,0.7678244,-1.431505,0.9288576,0.1820492,0.3087979,-0.09341044,6,2,70,429.8764,0.08538991,0.7768512,-1.440842,-0.1538395,0.7728982,-1.569063,0.2442469,0.7693142,-1.624157
2,4,63732505220.7495,0.05037749,0.7671776,-1.385384,0.912642,0.1659216,0.361926,-0.09254267,5,2,71,433.2849,0.02806684,0.7778258,-1.36664,-0.1538395,0.7728982,-1.569063,0.2442469,0.7693142,-1.624157
2,4,63732505224.5263,-0.1454163,0.7650333,-1.385214,-0.9830029,-0.1806261,-0.0170599,0.02807927,1,2,72,437.0612,-0.1458171,0.7790914,-1.371464,-0.1538395,0.7728982,-1.569063,0.2442469,0.7693142,-1.624157
2,4,63732505228.1365,-0.1118859,0.7644691,-1.221719,-0.9827328,-0.1827862,-0.008878389,0.02732539,3,2,73,440.6719,-0.1397606,0.7801483,-1.22159,-0.1538395,0.7728982,-1.569063,0.2442469,0.7693142,-1.624157
2,4,63732505232.9132,-0.1363749,0.7643567,-1.299129,-0.9825506,-0.1803628,-0.03154074,0.03269239,2,2,74,445.4482,-0.1427888,0.7796199,-1.296527,-0.1538395,0.7728982,-1.569063,0.2442469,0.7693142,-1.624157
2,4,63732505236.4158,0.1086541,0.7672895,-1.44679,-0.9167198,-0.1591664,-0.3559053,0.08730591,6,2,75,448.9508,0.08538991,0.7768512,-1.440842,-0.1538395,0.7728982,-1.569063,0.2442469,0.7693142,-1.624157
2,4,63732505239.5551,-0.1554897,0.7655696,-1.44801,-0.9812258,-0.1798539,-0.05885587,0.03720984,0,2,76,452.09,-0.1488453,0.778563,-1.446401,-0.1538395,0.7728982,-1.569063,0.2442469,0.7693142,-1.624157
2,4,63732505243.2152,-0.02307607,0.7652854,-1.334895,-0.9646119,-0.1669503,-0.1954348,0.05879366,4,2,77,455.7508,-0.05117874,0.7787874,-1.31652,-0.1538395,0.7728982,-1.569063,0.2442469,0.7693142,-1.624157
2,4,63732505247.773,-0.1267527,0.7646376,-1.224747,-0.9821983,-0.1809915,-0.03538167,0.03573282,3,2,78,460.3077,-0.1397606,0.7801483,-1.22159,-0.1538395,0.7728982,-1.569063,0.2442469,0.7693142,-1.624157
2,4,63732505252.2053,-0.01687258,0.7647984,-1.308157,-0.9770002,-0.1620715,-0.1313652,0.04412061,4,2,79,464.74,-0.05117874,0.7787874,-1.31652,-0.1538395,0.7728982,-1.569063,0.2442469,0.7693142,-1.624157
2,4,63732505258.1608,-0.1443462,0.7653316,-1.38584,-0.9819342,-0.1874482,0.009385965,0.02409058,1,2,80,470.6957,-0.1458171,0.7790914,-1.371464,-0.1538395,0.7728982,-1.569063,0.2442469,0.7693142,-1.624157
2,4,63732505261.6216,-0.150214,0.765959,-1.469792,-0.9817658,-0.180946,-0.04594951,0.03582055,0,2,81,474.1568,-0.1488453,0.778563,-1.446401,-0.1538395,0.7728982,-1.569063,0.2442469,0.7693142,-1.624157
2,4,63732505264.7798,0.1052748,0.7671678,-1.441921,-0.9290123,-0.1580029,-0.3245648,0.08141906,6,2,82,477.315,0.08538991,0.7768512,-1.440842,-0.1538395,0.7728982,-1.569063,0.2442469,0.7693142,-1.624157
2,4,63732505268.3121,0.0457417,0.7661959,-1.375905,-0.9176311,-0.1566177,-0.3544072,0.08842827,5,2,83,480.8468,0.02806684,0.7778258,-1.36664,-0.1538395,0.7728982,-1.569063,0.2442469,0.7693142,-1.624157
2,4,63732505271.6544,-0.1260033,0.7643766,-1.295135,-0.979735,-0.1738093,-0.09100539,0.04034625,2,2,84,484.1898,-0.1427888,0.7796199,-1.296527,-0.1538395,0.7728982,-1.569063,0.2442469,0.7693142,-1.624157
2,4,63732505276.4225,0.09664489,0.7679938,-1.460316,-0.8873221,-0.1766229,-0.4139305,0.1006259,6,2,85,488.9579,0.08538991,0.7768512,-1.440842,-0.1538395,0.7728982,-1.569063,0.2442469,0.7693142,-1.624157
2,4,63732505280.7568,-0.1242675,0.7637646,-1.234008,0.9825258,0.1563895,0.09238278,-0.04063011,3,2,86,493.2915,-0.1397606,0.7801483,-1.22159,-0.1538395,0.7728982,-1.569063,0.2442469,0.7693142,-1.624157
2,4,63732505283.6296,-0.1396126,0.7645146,-1.29853,0.9812735,0.1681642,0.08499087,-0.03999881,2,2,87,496.1651,-0.1427888,0.7796199,-1.296527,-0.1538395,0.7728982,-1.569063,0.2442469,0.7693142,-1.624157
2,4,63732505286.2083,-0.1484837,0.7656602,-1.455909,0.9815456,0.1689814,0.08096194,-0.03819447,0,2,88,498.7436,-0.1488453,0.778563,-1.446401,-0.1538395,0.7728982,-1.569063,0.2442469,0.7693142,-1.624157
2,4,63732505289.3453,-0.02782805,0.7656196,-1.32773,0.9601184,0.1690185,0.2135436,-0.06328284,4,2,89,501.8807,-0.05117874,0.7787874,-1.31652,-0.1538395,0.7728982,-1.569063,0.2442469,0.7693142,-1.624157
2,4,63732505292.5061,-0.1551115,0.7645704,-1.374885,0.9859145,0.1642389,-0.02014238,-0.02434397,1,2,90,505.0417,-0.1458171,0.7790914,-1.371464,-0.1538395,0.7728982,-1.569063,0.2442469,0.7693142,-1.624157
2,4,63732505295.8922,0.04807112,0.7656608,-1.367163,0.9011744,0.1374153,0.401342,-0.08903103,5,2,91,508.4273,0.02806684,0.7778258,-1.36664,-0.1538395,0.7728982,-1.569063,0.2442469,0.7693142,-1.624157
2,4,63732505299.0979,0.1016034,0.7673683,-1.465664,-0.8447902,-0.1317706,-0.5076339,0.1061784,6,2,92,511.6327,0.08538991,0.7768512,-1.440842,-0.1538395,0.7728982,-1.569063,0.2442469,0.7693142,-1.624157
2,4,63732505302.2291,-0.1488743,0.7657851,-1.459272,-0.9855102,-0.1657824,0.02898892,0.02111083,0,2,93,514.7642,-0.1488453,0.778563,-1.446401,-0.1538395,0.7728982,-1.569063,0.2442469,0.7693142,-1.624157
2,4,63732505305.1972,-0.1545453,0.7643026,-1.370449,-0.985716,-0.1658042,0.001534676,0.02950442,1,2,94,517.7326,-0.1458171,0.7790914,-1.371464,-0.1538395,0.7728982,-1.569063,0.2442469,0.7693142,-1.624157
2,4,63732505308.8142,0.04932153,0.766372,-1.365809,0.9178287,0.148848,0.3583384,-0.08383532,5,2,95,521.3491,0.02806684,0.7778258,-1.36664,-0.1538395,0.7728982,-1.569063,0.2442469,0.7693142,-1.624157
2,4,63732505312.6062,-0.137919,0.7642671,-1.286625,0.9836113,0.1769956,0.01868692,-0.02884858,2,2,96,525.1413,-0.1427888,0.7796199,-1.296527,-0.1538395,0.7728982,-1.569063,0.2442469,0.7693142,-1.624157
2,4,63732505316.4289,-0.02581133,0.7645937,-1.318079,0.9760016,0.1555976,0.1448536,-0.04719965,4,2,97,528.9636,-0.05117874,0.7787874,-1.31652,-0.1538395,0.7728982,-1.569063,0.2442469,0.7693142,-1.624157
2,4,63732505319.5595,-0.1214299,0.7643513,-1.227747,0.9818118,0.173598,0.0654704,-0.04028717,3,2,98,532.0947,-0.1397606,0.7801483,-1.22159,-0.1538395,0.7728982,-1.569063,0.2442469,0.7693142,-1.624157
2,4,63732505322.9573,-0.03258863,0.765168,-1.320224,0.9618635,0.1618234,0.2117657,-0.06153909,4,2,99,535.4923,-0.05117874,0.7787874,-1.31652,-0.1538395,0.7728982,-1.569063,0.2442469,0.7693142,-1.624157
2,4,63732505326.5569,0.05495516,0.7660397,-1.371246,-0.9351196,-0.1560198,-0.308583,0.07736661,5,2,100,539.0922,0.02806684,0.7778258,-1.36664,-0.1538395,0.7728982,-1.569063,0.2442469,0.7693142,-1.624157
2,4,63732505330.4596,0.1107766,0.7666261,-1.437092,0.9366325,0.1400034,0.3136503,-0.06886329,6,2,101,542.9945,0.08538991,0.7768512,-1.440842,-0.1538395,0.7728982,-1.569063,0.2442469,0.7693142,-1.624157
2,4,63732505333.22,-0.1304691,0.7635605,-1.221574,0.9872022,0.1565862,0.01547238,-0.02594611,3,2,102,545.755,-0.1397606,0.7801483,-1.22159,-0.1538395,0.7728982,-1.569063,0.2442469,0.7693142,-1.624157
2,4,63732505336.8121,-0.153807,0.7641477,-1.377334,0.9852533,0.1610083,-0.05414916,-0.02049959,1,2,103,549.3467,-0.1458171,0.7790914,-1.371464,-0.1538395,0.7728982,-1.569063,0.2442469,0.7693142,-1.624157
2,4,63732505340.5616,-0.158984,0.7649968,-1.449976,0.9867244,0.1604464,-0.002202023,-0.02504044,0,2,104,553.0969,-0.1488453,0.778563,-1.446401,-0.1538395,0.7728982,-1.569063,0.2442469,0.7693142,-1.624157
2,4,63732505343.8757,-0.1586598,0.7639817,-1.296967,0.9821951,0.1674471,-0.08411833,-0.01335533,2,2,105,556.4105,-0.1427888,0.7796199,-1.296527,-0.1538395,0.7728982,-1.569063,0.2442469,0.7693142,-1.624157
2,4,63732505346.9814,-0.1476475,0.7654642,-1.457677,0.9852294,0.1683144,0.01463963,-0.02791289,0,2,106,559.5161,-0.1488453,0.778563,-1.446401,-0.1538395,0.7728982,-1.569063,0.2442469,0.7693142,-1.624157
2,4,63732505349.8302,-0.1625645,0.7647625,-1.364295,0.98105,0.1791612,-0.07185151,-0.01672188,1,2,107,562.3652,-0.1458171,0.7790914,-1.371464,-0.1538395,0.7728982,-1.569063,0.2442469,0.7693142,-1.624157
2,4,63732505352.7454,-0.1247254,0.7646827,-1.226043,0.9811026,0.1749405,0.07261487,-0.03950651,3,2,108,565.2803,-0.1397606,0.7801483,-1.22159,-0.1538395,0.7728982,-1.569063,0.2442469,0.7693142,-1.624157
2,4,63732505356.1267,-0.146019,0.7638553,-1.297307,0.9857419,0.1618652,0.02971682,-0.03506405,2,2,109,568.6614,-0.1427888,0.7796199,-1.296527,-0.1538395,0.7728982,-1.569063,0.2442469,0.7693142,-1.624157
2,4,63732505359.3619,0.1059805,0.7675741,-1.442232,0.8757917,0.1627135,0.4438927,-0.09732708,6,2,110,571.8975,0.08538991,0.7768512,-1.440842,-0.1538395,0.7728982,-1.569063,0.2442469,0.7693142,-1.624157
2,4,63732505362.8873,0.06132363,0.7666685,-1.38614,0.8980181,0.1480283,0.4040087,-0.09180431,5,2,111,575.4221,0.02806684,0.7778258,-1.36664,-0.1538395,0.7728982,-1.569063,0.2442469,0.7693142,-1.624157
2,4,63732505365.9702,-0.02773291,0.7654189,-1.306801,0.9648827,0.1709147,0.1901881,-0.06015141,4,2,112,578.5052,-0.05117874,0.7787874,-1.31652,-0.1538395,0.7728982,-1.569063,0.2442469,0.7693142,-1.624157
2,4,63732505369.7826,0.1162706,0.7666826,-1.438524,0.8721639,0.1353231,0.4591079,-0.1011816,6,2,113,582.3176,0.08538991,0.7768512,-1.440842,-0.1538395,0.7728982,-1.569063,0.2442469,0.7693142,-1.624157
2,4,63732505373.42,-0.1220266,0.7644377,-1.279337,0.983833,0.1691988,0.04838961,-0.0332127,2,2,114,585.9553,-0.1427888,0.7796199,-1.296527,-0.1538395,0.7728982,-1.569063,0.2442469,0.7693142,-1.624157
2,4,63732505376.7492,-0.02712077,0.7648954,-1.299768,0.9556442,0.1514835,0.2443455,-0.06397121,4,2,115,589.2847,-0.05117874,0.7787874,-1.31652,-0.1538395,0.7728982,-1.569063,0.2442469,0.7693142,-1.624157
2,4,63732505380.318,-0.1549502,0.7652415,-1.448397,0.9858712,0.1644572,0.0145213,-0.02830092,0,2,116,592.8528,-0.1488453,0.778563,-1.446401,-0.1538395,0.7728982,-1.569063,0.2442469,0.7693142,-1.624157
2,4,63732505383.4927,-0.1303913,0.7642424,-1.22627,0.9838234,0.1722711,0.03706475,-0.032255,3,2,117,596.0279,-0.1397606,0.7801483,-1.22159,-0.1538395,0.7728982,-1.569063,0.2442469,0.7693142,-1.624157
2,4,63732505386.845,-0.1550089,0.7647352,-1.362838,0.9869308,0.158082,0.01409439,-0.02790886,1,2,118,599.3803,-0.1458171,0.7790914,-1.371464,-0.1538395,0.7728982,-1.569063,0.2442469,0.7693142,-1.624157
2,4,63732505390.9527,0.05899914,0.7656374,-1.370962,0.9294405,0.1404986,0.3327186,-0.07549087,5,2,119,603.4882,0.02806684,0.7778258,-1.36664,-0.1538395,0.7728982,-1.569063,0.2442469,0.7693142,-1.624157
2,4,63732505394.3933,0.0605445,0.7662795,-1.370054,0.9236422,0.1575979,0.3390283,-0.08430757,5,2,120,606.9288,0.02806684,0.7778258,-1.36664,-0.1538395,0.7728982,-1.569063,0.2442469,0.7693142,-1.624157
2,4,63732505396.8965,-0.15395,0.7657436,-1.452983,0.9841343,0.1739212,0.02339233,-0.02615182,0,2,121,609.4316,-0.1488453,0.778563,-1.446401,-0.1538395,0.7728982,-1.569063,0.2442469,0.7693142,-1.624157
2,4,63732505399.8531,-0.1282373,0.7642989,-1.294287,0.9836138,0.166221,0.05883272,-0.03759173,2,2,122,612.3877,-0.1427888,0.7796199,-1.296527,-0.1538395,0.7728982,-1.569063,0.2442469,0.7693142,-1.624157
2,4,63732505403.873,-0.1299035,0.7642578,-1.21817,0.9860445,0.1628824,0.01718522,-0.02983904,3,2,123,616.4081,-0.1397606,0.7801483,-1.22159,-0.1538395,0.7728982,-1.569063,0.2442469,0.7693142,-1.624157
2,4,63732505407.6123,-0.1491773,0.7650119,-1.364021,0.9864441,0.1606152,0.02481633,-0.02269674,1,2,124,620.1472,-0.1458171,0.7790914,-1.371464,-0.1538395,0.7728982,-1.569063,0.2442469,0.7693142,-1.624157
2,4,63732505410.6725,0.1034983,0.7674507,-1.454195,0.8684409,0.1581529,0.4598957,-0.09640585,6,2,125,623.2081,0.08538991,0.7768512,-1.440842,-0.1538395,0.7728982,-1.569063,0.2442469,0.7693142,-1.624157
2,4,63732505414.8256,-0.02407403,0.764802,-1.315825,0.9513347,0.1497476,0.2613552,-0.06505001,4,2,126,627.3607,-0.05117874,0.7787874,-1.31652,-0.1538395,0.7728982,-1.569063,0.2442469,0.7693142,-1.624157
2,4,63732505418.8223,-0.1243982,0.7645112,-1.237064,0.9836249,0.1775248,0.01252224,-0.02846366,3,2,127,631.357,-0.1397606,0.7801483,-1.22159,-0.1538395,0.7728982,-1.569063,0.2442469,0.7693142,-1.624157
2,4,63732505423.8736,0.04164423,0.7659999,-1.381772,0.9365488,0.1458438,0.3105254,-0.07197271,5,2,128,636.409,0.02806684,0.7778258,-1.36664,-0.1538395,0.7728982,-1.569063,0.2442469,0.7693142,-1.624157
2,4,63732505428.505,-0.1539832,0.7649647,-1.442322,0.9810755,0.1536203,0.1110775,-0.03941306,0,2,129,641.0399,-0.1488453,0.778563,-1.446401,-0.1538395,0.7728982,-1.569063,0.2442469,0.7693142,-1.624157
2,4,63732505434.0712,-0.1350159,0.76415,-1.28877,0.9799187,0.15524,0.115613,-0.0478905,2,2,130,646.6066,-0.1427888,0.7796199,-1.296527,-0.1538395,0.7728982,-1.569063,0.2442469,0.7693142,-1.624157
2,4,63732505438.9304,-0.1592114,0.763916,-1.369553,0.9870629,0.1575186,0.01090362,-0.02785333,1,2,131,651.4653,-0.1458171,0.7790914,-1.371464,-0.1538395,0.7728982,-1.569063,0.2442469,0.7693142,-1.624157
2,4,63732505443.4654,-0.02614533,0.7650422,-1.30481,0.9684725,0.1534316,0.189839,-0.04980946,4,2,132,656.0002,-0.05117874,0.7787874,-1.31652,-0.1538395,0.7728982,-1.569063,0.2442469,0.7693142,-1.624157
2,4,63732505448.4476,0.1018269,0.7664847,-1.439242,-0.9341389,-0.1376498,-0.3212096,0.07253589,6,2,133,660.9825,0.08538991,0.7768512,-1.440842,-0.1538395,0.7728982,-1.569063,0.2442469,0.7693142,-1.624157
2,4,63732505454.0906,-0.1293999,0.7639462,-1.242264,-0.9860909,-0.1551706,-0.05002081,0.03232369,3,2,134,666.6259,-0.1397606,0.7801483,-1.22159,-0.1538395,0.7728982,-1.569063,0.2442469,0.7693142,-1.624157
2,4,63732505459.0925,-0.0291974,0.7643077,-1.30199,-0.9606789,-0.1350701,-0.2361506,0.05554316,4,2,135,671.6274,-0.05117874,0.7787874,-1.31652,-0.1538395,0.7728982,-1.569063,0.2442469,0.7693142,-1.624157
2,4,63732505463.9599,-0.1450265,0.7644217,-1.430266,-0.9844928,-0.1475597,-0.08683134,0.03821408,0,2,136,676.4946,-0.1488453,0.778563,-1.446401,-0.1538395,0.7728982,-1.569063,0.2442469,0.7693142,-1.624157
2,4,63732505469.6803,-0.1445292,0.7636114,-1.36683,-0.9854905,-0.1512636,-0.06798296,0.03614129,1,2,137,682.2153,-0.1458171,0.7790914,-1.371464,-0.1538395,0.7728982,-1.569063,0.2442469,0.7693142,-1.624157
2,4,63732505474.2989,0.05319254,0.7656835,-1.393609,-0.9203341,-0.1441452,-0.3551295,0.07804117,5,2,138,686.8344,0.02806684,0.7778258,-1.36664,-0.1538395,0.7728982,-1.569063,0.2442469,0.7693142,-1.624157
2,4,63732505480.1135,-0.1220243,0.7636186,-1.294595,-0.9884068,-0.1403902,-0.04851042,0.03145545,2,2,139,692.6484,-0.1427888,0.7796199,-1.296527,-0.1538395,0.7728982,-1.569063,0.2442469,0.7693142,-1.624157
2,4,63732505485.123,0.1174634,0.7669176,-1.453783,-0.8653713,-0.1377997,-0.4741039,0.08584387,6,2,140,697.6582,0.08538991,0.7768512,-1.440842,-0.1538395,0.7728982,-1.569063,0.2442469,0.7693142,-1.624157
2,4,63732503139.5079,-0.151348,0.7669376,-1.177174,0.9909508,0.1222768,0.05506983,0.005675584,3,3,1,17.5767,-0.1497678,0.7714602,-1.231606,-0.1572524,0.7672565,-1.579334,0.241797,0.7705736,-1.626974
2,4,63732503148.521,0.04512906,0.7676639,-1.348584,0.973807,0.1718598,0.1467281,0.02520107,5,3,2,26.58952,0.020748,0.773194,-1.373494,-0.1572524,0.7672565,-1.579334,0.241797,0.7705736,-1.626974
2,4,63732503156.8996,-0.1518263,0.7668172,-1.33558,0.9875073,0.1448518,0.008805646,0.06139849,1,3,3,34.96856,-0.1530136,0.7717173,-1.381571,-0.1572524,0.7672565,-1.579334,0.241797,0.7705736,-1.626974
2,4,63732503170.0017,-0.1471345,0.7663347,-1.256554,0.9858718,0.1511843,0.04618851,0.05537738,2,3,4,48.07053,-0.1513907,0.7715887,-1.306588,-0.1572524,0.7672565,-1.579334,0.241797,0.7705736,-1.626974
2,4,63732503182.2544,-0.1680729,0.7672439,-1.428024,0.9811163,0.1923078,-0.01064645,0.01775443,0,3,5,60.32345,-0.1546365,0.7718458,-1.456553,-0.1572524,0.7672565,-1.579334,0.241797,0.7705736,-1.626974
2,4,63732503195.9278,0.09858616,0.7693933,-1.422797,0.9822334,0.1351917,0.1280219,0.02347887,6,3,6,73.99684,0.07945161,0.773837,-1.446612,-0.1572524,0.7672565,-1.579334,0.241797,0.7705736,-1.626974
2,4,63732503205.6471,-0.03030738,0.7675359,-1.299348,0.9821725,0.1405528,0.1108368,0.05742292,4,3,7,83.71582,-0.0594226,0.7724132,-1.324864,-0.1572524,0.7672565,-1.579334,0.241797,0.7705736,-1.626974
2,4,63732503217.093,-0.1459533,0.7667302,-1.197227,0.9905074,0.1286791,0.04469161,0.01842581,3,3,8,95.16216,-0.1497678,0.7714602,-1.231606,-0.1572524,0.7672565,-1.579334,0.241797,0.7705736,-1.626974
2,4,63732503245.3428,0.05755452,0.7672085,-1.359741,0.9450507,0.2255846,0.2278923,-0.06368563,5,3,9,123.4119,0.020748,0.773194,-1.373494,-0.1572524,0.7672565,-1.579334,0.241797,0.7705736,-1.626974
2,4,63732503255.6392,-0.1362218,0.766461,-1.363767,0.9613293,0.2538949,0.08941169,-0.05821358,1,3,10,133.7079,-0.1530136,0.7717173,-1.381571,-0.1572524,0.7672565,-1.579334,0.241797,0.7705736,-1.626974
2,4,63732503265.4018,-0.1503372,0.7655692,-1.269323,0.9676418,0.2325028,0.08094648,-0.0553134,2,3,11,143.471,-0.1513907,0.7715887,-1.306588,-0.1572524,0.7672565,-1.579334,0.241797,0.7705736,-1.626974
2,4,63732503278.0149,-0.05244316,0.7655249,-1.305577,-0.9568973,-0.2193168,-0.1836126,0.0503422,4,3,12,156.0838,-0.0594226,0.7724132,-1.324864,-0.1572524,0.7672565,-1.579334,0.241797,0.7705736,-1.626974
2,4,63732503290.0768,-0.160576,0.7665602,-1.416295,-0.9652112,-0.2395191,-0.09233331,0.04972448,0,3,13,168.1455,-0.1546365,0.7718458,-1.456553,-0.1572524,0.7672565,-1.579334,0.241797,0.7705736,-1.626974
2,4,63732503312.0088,0.1072862,0.768213,-1.415818,0.9453286,0.222188,0.2302895,-0.0628752,6,3,14,190.0776,0.07945161,0.773837,-1.446612,-0.1572524,0.7672565,-1.579334,0.241797,0.7705736,-1.626974
2,4,63732503322.2673,-0.1541793,0.7662775,-1.379766,0.964294,0.2469079,0.08183673,-0.04976355,1,3,15,200.3356,-0.1530136,0.7717173,-1.381571,-0.1572524,0.7672565,-1.579334,0.241797,0.7705736,-1.626974
2,4,63732503341.3076,0.09222253,0.7677845,-1.434084,0.9516207,0.2236961,0.2032715,-0.05530666,6,3,16,219.3762,0.07945161,0.773837,-1.446612,-0.1572524,0.7672565,-1.579334,0.241797,0.7705736,-1.626974
2,4,63732503351.1395,0.03837634,0.7666465,-1.345143,-0.9534681,-0.2158335,-0.2052624,0.04670879,5,3,17,229.2083,0.020748,0.773194,-1.373494,-0.1572524,0.7672565,-1.579334,0.241797,0.7705736,-1.626974
2,4,63732503359.7171,-0.05088952,0.7657219,-1.293875,-0.9648894,-0.2297251,-0.114943,0.05479968,4,3,18,237.7863,-0.0594226,0.7724132,-1.324864,-0.1572524,0.7672565,-1.579334,0.241797,0.7705736,-1.626974
2,4,63732503369.5149,-0.1542752,0.7657016,-1.220285,-0.9681379,-0.2323292,-0.07770357,0.05190773,3,3,19,247.5833,-0.1497678,0.7714602,-1.231606,-0.1572524,0.7672565,-1.579334,0.241797,0.7705736,-1.626974
2,4,63732503378.9853,-0.1493278,0.7661093,-1.268679,-0.9690849,-0.2311522,-0.07060623,0.0495782,2,3,20,257.0541,-0.1513907,0.7715887,-1.306588,-0.1572524,0.7672565,-1.579334,0.241797,0.7705736,-1.626974
2,4,63732503390.065,-0.1709864,0.7668775,-1.43406,-0.9721491,-0.2323502,-0.005797954,0.03009801,0,3,21,268.1334,-0.1546365,0.7718458,-1.456553,-0.1572524,0.7672565,-1.579334,0.241797,0.7705736,-1.626974
2,4,63732503400.5665,-0.1573837,0.7656038,-1.211502,-0.9704071,-0.2331394,-0.04705648,0.04173356,3,3,22,278.6354,-0.1497678,0.7714602,-1.231606,-0.1572524,0.7672565,-1.579334,0.241797,0.7705736,-1.626974
2,4,63732503410.2095,0.09265521,0.7672262,-1.406337,-0.9569347,-0.2114537,-0.1921812,0.05128185,6,3,23,288.2779,0.07945161,0.773837,-1.446612,-0.1572524,0.7672565,-1.579334,0.241797,0.7705736,-1.626974
2,4,63732503418.594,-0.0477187,0.7655856,-1.296795,-0.9636608,-0.2223762,-0.1418422,0.04228014,4,3,24,296.6626,-0.0594226,0.7724132,-1.324864,-0.1572524,0.7672565,-1.579334,0.241797,0.7705736,-1.626974
2,4,63732503426.9636,-0.1543028,0.7661042,-1.344177,-0.9713066,-0.234648,-0.01556356,0.0355179,1,3,25,305.0322,-0.1530136,0.7717173,-1.381571,-0.1572524,0.7672565,-1.579334,0.241797,0.7705736,-1.626974
2,4,63732503438.306,-0.1543892,0.7656501,-1.279866,-0.9721767,-0.2303898,-0.02465907,0.03442276,2,3,26,316.3748,-0.1513907,0.7715887,-1.306588,-0.1572524,0.7672565,-1.579334,0.241797,0.7705736,-1.626974
2,4,63732503451.5998,0.02831062,0.7669271,-1.365154,-0.9608331,-0.2415828,-0.1227926,0.05796061,5,3,27,329.668,0.020748,0.773194,-1.373494,-0.1572524,0.7672565,-1.579334,0.241797,0.7705736,-1.626974
2,4,63732503462.6447,-0.1572773,0.7666162,-1.416687,-0.9682338,-0.2477917,-0.01284952,0.03094362,0,3,28,340.7136,-0.1546365,0.7718458,-1.456553,-0.1572524,0.7672565,-1.579334,0.241797,0.7705736,-1.626974
2,4,63732503472.81,-0.1640246,0.7653704,-1.283165,-0.9711628,-0.2335309,0.0438601,0.01955371,2,3,29,350.879,-0.1513907,0.7715887,-1.306588,-0.1572524,0.7672565,-1.579334,0.241797,0.7705736,-1.626974
2,4,63732503486.9516,0.04804963,0.7667359,-1.353161,-0.9635707,-0.2261591,-0.1367495,0.04102865,5,3,30,365.0206,0.020748,0.773194,-1.373494,-0.1572524,0.7672565,-1.579334,0.241797,0.7705736,-1.626974
2,4,63732503496.88,-0.1694975,0.7667515,-1.426907,-0.9666232,-0.2466717,0.06834608,0.0110237,0,3,31,374.9488,-0.1546365,0.7718458,-1.456553,-0.1572524,0.7672565,-1.579334,0.241797,0.7705736,-1.626974
2,4,63732503507.6419,-0.1518874,0.7652974,-1.219576,-0.9711335,-0.2361465,0.01059944,0.03197272,3,3,32,385.7108,-0.1497678,0.7714602,-1.231606,-0.1572524,0.7672565,-1.579334,0.241797,0.7705736,-1.626974
2,4,63732503520.0852,-0.1560544,0.765792,-1.357641,-0.9709702,-0.2364734,-0.004063514,0.03578799,1,3,33,398.1543,-0.1530136,0.7717173,-1.381571,-0.1572524,0.7672565,-1.579334,0.241797,0.7705736,-1.626974
2,4,63732503537.383,0.08502003,0.7678555,-1.40969,-0.9606026,-0.2334448,-0.1452163,0.04072219,6,3,34,415.4514,0.07945161,0.773837,-1.446612,-0.1572524,0.7672565,-1.579334,0.241797,0.7705736,-1.626974
2,4,63732503548.0245,-0.0473803,0.7657712,-1.292333,-0.9689354,-0.2256768,-0.08867697,0.04868855,4,3,35,426.0938,-0.0594226,0.7724132,-1.324864,-0.1572524,0.7672565,-1.579334,0.241797,0.7705736,-1.626974
2,4,63732503563.5191,0.03690918,0.7675884,-1.349301,0.9604537,0.2553774,0.1011896,-0.04551578,5,3,36,441.5878,0.020748,0.773194,-1.373494,-0.1572524,0.7672565,-1.579334,0.241797,0.7705736,-1.626974
2,4,63732503574.4496,-0.1675877,0.7659706,-1.185954,0.973735,0.2249076,-0.02811058,-0.02160344,3,3,37,452.5179,-0.1497678,0.7714602,-1.231606,-0.1572524,0.7672565,-1.579334,0.241797,0.7705736,-1.626974
2,4,63732503585.5452,-0.05485543,0.7664062,-1.294395,0.9655787,0.2514192,0.05480078,-0.03798638,4,3,38,463.6139,-0.0594226,0.7724132,-1.324864,-0.1572524,0.7672565,-1.579334,0.241797,0.7705736,-1.626974
2,4,63732503595.7449,-0.1562234,0.7661451,-1.40778,0.9649814,0.2452218,0.08110525,-0.04581596,0,3,39,473.8138,-0.1546365,0.7718458,-1.456553,-0.1572524,0.7672565,-1.579334,0.241797,0.7705736,-1.626974
2,4,63732503605.3747,-0.1591044,0.7651358,-1.267418,0.9728124,0.2286054,0.009585891,-0.03583156,2,3,40,483.4432,-0.1513907,0.7715887,-1.306588,-0.1572524,0.7672565,-1.579334,0.241797,0.7705736,-1.626974
2,4,63732503623.0322,0.09442945,0.7673672,-1.416538,0.9622971,0.2155523,0.1595852,-0.04532172,6,3,41,501.1004,0.07945161,0.773837,-1.446612,-0.1572524,0.7672565,-1.579334,0.241797,0.7705736,-1.626974
2,4,63732503634.1674,-0.1570982,0.7658193,-1.341723,-0.9725868,-0.2282438,-0.02426248,0.03729803,1,3,42,512.236,-0.1530136,0.7717173,-1.381571,-0.1572524,0.7672565,-1.579334,0.241797,0.7705736,-1.626974
2,4,63732503649.1232,0.03720738,0.7662406,-1.342425,-0.9641852,-0.2190902,-0.1432709,0.04266108,5,3,43,527.1917,0.020748,0.773194,-1.373494,-0.1572524,0.7672565,-1.579334,0.241797,0.7705736,-1.626974
2,4,63732503658.0102,-0.1597338,0.76548,-1.270404,-0.9703635,-0.2390753,0.01396001,0.03229322,2,3,44,536.0784,-0.1513907,0.7715887,-1.306588,-0.1572524,0.7672565,-1.579334,0.241797,0.7705736,-1.626974
2,4,63732503666.7492,-0.1770176,0.7649964,-1.196886,-0.9735466,-0.2259479,0.00695704,0.03325893,3,3,45,544.8181,-0.1497678,0.7714602,-1.231606,-0.1572524,0.7672565,-1.579334,0.241797,0.7705736,-1.626974
2,4,63732503676.7199,-0.1635577,0.7671171,-1.430413,-0.9666094,-0.2551209,0.006691684,0.02312887,0,3,46,554.7892,-0.1546365,0.7718458,-1.456553,-0.1572524,0.7672565,-1.579334,0.241797,0.7705736,-1.626974
2,4,63732503686.0126,-0.1498513,0.7661546,-1.331662,-0.9708572,-0.2374959,-0.004226552,0.03184744,1,3,47,564.0817,-0.1530136,0.7717173,-1.381571,-0.1572524,0.7672565,-1.579334,0.241797,0.7705736,-1.626974
2,4,63732503697.2832,-0.02810566,0.7658718,-1.296347,-0.964579,-0.2269527,-0.1296452,0.03566291,4,3,48,575.3519,-0.0594226,0.7724132,-1.324864,-0.1572524,0.7672565,-1.579334,0.241797,0.7705736,-1.626974
2,4,63732503707.0348,0.1022594,0.7672035,-1.404056,-0.9649585,-0.2110729,-0.1504441,0.04086279,6,3,49,585.1039,0.07945161,0.773837,-1.446612,-0.1572524,0.7672565,-1.579334,0.241797,0.7705736,-1.626974
2,4,63732503719.4255,-0.1646678,0.7651666,-1.269494,-0.9738505,-0.224342,0.001836804,0.03581099,2,3,50,597.4938,-0.1513907,0.7715887,-1.306588,-0.1572524,0.7672565,-1.579334,0.241797,0.7705736,-1.626974
2,4,63732503734.1353,0.09096067,0.7683015,-1.433105,-0.947629,-0.2352044,-0.2090121,0.0547006,6,3,51,612.204,0.07945161,0.773837,-1.446612,-0.1572524,0.7672565,-1.579334,0.241797,0.7705736,-1.626974
2,4,63732503745.2053,-0.146289,0.7650607,-1.215016,-0.9695691,-0.2437674,0.020213,0.01023354,3,3,52,623.2744,-0.1497678,0.7714602,-1.231606,-0.1572524,0.7672565,-1.579334,0.241797,0.7705736,-1.626974
2,4,63732503757.5139,-0.05345273,0.7655571,-1.27727,-0.9695327,-0.2245608,-0.08506561,0.04840081,4,3,53,635.5827,-0.0594226,0.7724132,-1.324864,-0.1572524,0.7672565,-1.579334,0.241797,0.7705736,-1.626974
2,4,63732503770.4037,0.03582852,0.7664273,-1.335616,-0.9604048,-0.2198824,-0.1652056,0.04451428,5,3,54,648.4727,0.020748,0.773194,-1.373494,-0.1572524,0.7672565,-1.579334,0.241797,0.7705736,-1.626974
2,4,63732503791.9808,-0.1571781,0.7666073,-1.404032,-0.9650634,-0.2555073,0.05682094,0.01183876,0,3,55,670.05,-0.1546365,0.7718458,-1.456553,-0.1572524,0.7672565,-1.579334,0.241797,0.7705736,-1.626974
2,4,63732503804.5044,-0.1578943,0.7653685,-1.3377,-0.9724028,-0.2304996,0.02664794,0.02434598,1,3,56,682.5729,-0.1530136,0.7717173,-1.381571,-0.1572524,0.7672565,-1.579334,0.241797,0.7705736,-1.626974
2,4,63732503813.8962,0.01791237,0.7666034,-1.324403,-0.9664401,-0.2378754,-0.08256137,0.05091518,5,3,57,691.965,0.020748,0.773194,-1.373494,-0.1572524,0.7672565,-1.579334,0.241797,0.7705736,-1.626974
2,4,63732503823.1272,-0.1724493,0.7648423,-1.212196,-0.9745337,-0.2208199,0.01826396,0.03448277,3,3,58,701.1957,-0.1497678,0.7714602,-1.231606,-0.1572524,0.7672565,-1.579334,0.241797,0.7705736,-1.626974
2,4,63732503834.0376,-0.1557683,0.7655112,-1.340204,-0.9740478,-0.2238154,0.0001488437,0.03372815,1,3,59,712.1061,-0.1530136,0.7717173,-1.381571,-0.1572524,0.7672565,-1.579334,0.241797,0.7705736,-1.626974
2,4,63732503844.2129,0.09871656,0.7669893,-1.40519,-0.9580758,-0.2077588,-0.1914438,0.04771107,6,3,60,722.2819,0.07945161,0.773837,-1.446612,-0.1572524,0.7672565,-1.579334,0.241797,0.7705736,-1.626974
2,4,63732503856.4712,-0.1512263,0.7651669,-1.268589,-0.9736093,-0.2250921,-0.01594396,0.03412296,2,3,61,734.5396,-0.1513907,0.7715887,-1.306588,-0.1572524,0.7672565,-1.579334,0.241797,0.7705736,-1.626974
2,4,63732503867.2332,-0.05795832,0.7656264,-1.265585,-0.9722941,-0.2114359,-0.09208257,0.03820859,4,3,62,745.3015,-0.0594226,0.7724132,-1.324864,-0.1572524,0.7672565,-1.579334,0.241797,0.7705736,-1.626974
2,4,63732503875.0302,-0.1761314,0.7663444,-1.42717,-0.9714711,-0.2333214,0.03579902,0.02288062,0,3,63,753.0992,-0.1546365,0.7718458,-1.456553,-0.1572524,0.7672565,-1.579334,0.241797,0.7705736,-1.626974
2,4,63732503882.5047,-0.1680332,0.7659497,-1.35817,-0.9720163,-0.2324073,0.01875455,0.02862613,1,3,64,760.573,-0.1530136,0.7717173,-1.381571,-0.1572524,0.7672565,-1.579334,0.241797,0.7705736,-1.626974
2,4,63732503890.9576,-0.1576452,0.764996,-1.208327,-0.9769254,-0.2108213,0.0008540911,0.03421282,3,3,65,769.0267,-0.1497678,0.7714602,-1.231606,-0.1572524,0.7672565,-1.579334,0.241797,0.7705736,-1.626974
2,4,63732503899.4232,-0.1676031,0.7653493,-1.259915,-0.9725233,-0.2293003,0.001151261,0.0402308,2,3,66,777.4918,-0.1513907,0.7715887,-1.306588,-0.1572524,0.7672565,-1.579334,0.241797,0.7705736,-1.626974
2,4,63732503911.3648,0.0542851,0.7665415,-1.343192,-0.963026,-0.2209299,-0.1490135,0.03957157,5,3,67,789.4335,0.020748,0.773194,-1.373494,-0.1572524,0.7672565,-1.579334,0.241797,0.7705736,-1.626974
2,4,63732503921.6505,-0.04990676,0.765738,-1.29283,-0.9709311,-0.2334469,-0.03231687,0.04184692,4,3,68,799.7193,-0.0594226,0.7724132,-1.324864,-0.1572524,0.7672565,-1.579334,0.241797,0.7705736,-1.626974
2,4,63732503930.1646,0.09590041,0.7675866,-1.420975,-0.9637069,-0.2156658,-0.1453797,0.06018325,6,3,69,808.2335,0.07945161,0.773837,-1.446612,-0.1572524,0.7672565,-1.579334,0.241797,0.7705736,-1.626974
2,4,63732503938.6527,-0.1646166,0.7662607,-1.430363,-0.9695802,-0.2364687,0.06256353,0.009089544,0,3,70,816.7215,-0.1546365,0.7718458,-1.456553,-0.1572524,0.7672565,-1.579334,0.241797,0.7705736,-1.626974
2,4,63732503948.0106,0.03586609,0.7670791,-1.340468,-0.9660146,-0.2307131,-0.1048483,0.05093265,5,3,71,826.079,0.020748,0.773194,-1.373494,-0.1572524,0.7672565,-1.579334,0.241797,0.7705736,-1.626974
2,4,63732503957.0954,0.08021276,0.7678981,-1.429302,-0.9621509,-0.2296549,-0.1353571,0.05659169,6,3,72,835.164,0.07945161,0.773837,-1.446612,-0.1572524,0.7672565,-1.579334,0.241797,0.7705736,-1.626974
2,4,63732503966.3469,-0.1636629,0.7655469,-1.280979,-0.9684727,-0.2411878,0.0598154,0.01764161,2,3,73,844.416,-0.1513907,0.7715887,-1.306588,-0.1572524,0.7672565,-1.579334,0.241797,0.7705736,-1.626974
2,4,63732503975.0221,-0.05668825,0.7657948,-1.294068,-0.9702067,-0.2318001,-0.05677154,0.04176931,4,3,74,853.0908,-0.0594226,0.7724132,-1.324864,-0.1572524,0.7672565,-1.579334,0.241797,0.7705736,-1.626974
2,4,63732503982.1935,-0.1543337,0.7651345,-1.207543,-0.9723831,-0.2301185,0.03085776,0.02375632,3,3,75,860.2623,-0.1497678,0.7714602,-1.231606,-0.1572524,0.7672565,-1.579334,0.241797,0.7705736,-1.626974
2,4,63732503989.6984,-0.1582822,0.7666518,-1.429694,-0.9713116,-0.234774,0.0327898,0.01896429,0,3,76,867.7669,-0.1546365,0.7718458,-1.456553,-0.1572524,0.7672565,-1.579334,0.241797,0.7705736,-1.626974
2,4,63732504000.8889,-0.1414366,0.7661318,-1.347092,-0.9683633,-0.2386306,0.07289073,0.003869067,1,3,77,878.958,-0.1530136,0.7717173,-1.381571,-0.1572524,0.7672565,-1.579334,0.241797,0.7705736,-1.626974
2,4,63732504009.0317,-0.05122327,0.7648851,-1.277359,-0.9782301,-0.2073314,-0.001047619,0.008869365,4,3,78,887.101,-0.0594226,0.7724132,-1.324864,-0.1572524,0.7672565,-1.579334,0.241797,0.7705736,-1.626974
2,4,63732504019.9348,0.04378056,0.766483,-1.352785,-0.9741674,-0.2225658,-0.03467331,0.01613107,5,3,79,898.0037,0.020748,0.773194,-1.373494,-0.1572524,0.7672565,-1.579334,0.241797,0.7705736,-1.626974
2,4,63732504029.2834,-0.1688897,0.7664704,-1.431032,-0.9585549,-0.2423285,0.1491773,-0.01397749,0,3,80,907.3521,-0.1546365,0.7718458,-1.456553,-0.1572524,0.7672565,-1.579334,0.241797,0.7705736,-1.626974
2,4,63732504038.7353,-0.1646727,0.76481,-1.266616,-0.9694285,-0.231324,0.08080164,0.01299017,2,3,81,916.8043,-0.1513907,0.7715887,-1.306588,-0.1572524,0.7672565,-1.579334,0.241797,0.7705736,-1.626974
2,4,63732504047.0212,-0.1618257,0.7657514,-1.343593,0.971827,0.2322197,-0.02615024,-0.03070223,1,3,82,925.0895,-0.1530136,0.7717173,-1.381571,-0.1572524,0.7672565,-1.579334,0.241797,0.7705736,-1.626974
2,4,63732504056.7724,-0.1655561,0.7658252,-1.209248,0.9707616,0.2236708,-0.08672635,-0.008476884,3,3,83,934.8407,-0.1497678,0.7714602,-1.231606,-0.1572524,0.7672565,-1.579334,0.241797,0.7705736,-1.626974
2,4,63732504067.7604,0.1023289,0.767539,-1.439348,0.9654489,0.2139545,0.1435009,-0.03923817,6,3,84,945.8287,0.07945161,0.773837,-1.446612,-0.1572524,0.7672565,-1.579334,0.241797,0.7705736,-1.626974
2,4,63732504080.2054,-0.02561961,0.765722,-1.29667,0.9739922,0.2254674,0.01910544,-0.0117794,4,3,85,958.2742,-0.0594226,0.7724132,-1.324864,-0.1572524,0.7672565,-1.579334,0.241797,0.7705736,-1.626974
2,4,63732504092.7484,-0.1490307,0.7658478,-1.264811,0.9711821,0.2284921,-0.06673387,-0.01197409,2,3,86,970.8173,-0.1513907,0.7715887,-1.306588,-0.1572524,0.7672565,-1.579334,0.241797,0.7705736,-1.626974
2,4,63732504104.0873,0.09332211,0.767347,-1.424527,0.9672419,0.2163153,0.1273142,-0.03797134,6,3,87,982.1563,0.07945161,0.773837,-1.446612,-0.1572524,0.7672565,-1.579334,0.241797,0.7705736,-1.626974
2,4,63732504113.5679,-0.1354988,0.7660998,-1.345986,0.9693501,0.2334216,-0.07647307,-0.005157129,1,3,88,991.6367,-0.1530136,0.7717173,-1.381571,-0.1572524,0.7672565,-1.579334,0.241797,0.7705736,-1.626974
2,4,63732504123.122,-0.1524695,0.7652597,-1.209716,0.9723694,0.2306948,-0.02593139,-0.02460252,3,3,89,1001.191,-0.1497678,0.7714602,-1.231606,-0.1572524,0.7672565,-1.579334,0.241797,0.7705736,-1.626974
2,4,63732504131.8625,-0.1548318,0.7658317,-1.425745,0.9731321,0.228453,-0.0275451,-0.008025858,0,3,90,1009.931,-0.1546365,0.7718458,-1.456553,-0.1572524,0.7672565,-1.579334,0.241797,0.7705736,-1.626974
2,4,63732504142.2688,0.03464206,0.7667316,-1.351969,0.9637619,0.2241142,0.1392542,-0.03929603,5,3,91,1020.337,0.020748,0.773194,-1.373494,-0.1572524,0.7672565,-1.579334,0.241797,0.7705736,-1.626974
2,4,63732504149.5357,-0.159622,0.7661778,-1.427409,0.9706505,0.2314911,-0.0651476,-0.002282378,0,3,92,1027.604,-0.1546365,0.7718458,-1.456553,-0.1572524,0.7672565,-1.579334,0.241797,0.7705736,-1.626974
2,4,63732504157.8584,-0.1437641,0.7647529,-1.280262,0.9749328,0.2187619,-0.03165089,-0.02544794,2,3,93,1035.927,-0.1513907,0.7715887,-1.306588,-0.1572524,0.7672565,-1.579334,0.241797,0.7705736,-1.626974
2,4,63732504167.2519,-0.1530284,0.7659827,-1.346655,0.9680885,0.2411426,-0.06698039,-0.01298065,1,3,94,1045.321,-0.1530136,0.7717173,-1.381571,-0.1572524,0.7672565,-1.579334,0.241797,0.7705736,-1.626974
2,4,63732504176.3549,0.04820561,0.7666222,-1.349276,0.9724164,0.2202323,0.07326864,-0.02314877,5,3,95,1054.423,0.020748,0.773194,-1.373494,-0.1572524,0.7672565,-1.579334,0.241797,0.7705736,-1.626974
2,4,63732504185.7997,-0.144988,0.7655388,-1.223674,0.9740396,0.2203996,-0.04941413,-0.01513702,3,3,96,1063.868,-0.1497678,0.7714602,-1.231606,-0.1572524,0.7672565,-1.579334,0.241797,0.7705736,-1.626974
2,4,63732504196.706,-0.04611577,0.7670714,-1.303986,0.9599297,0.2740153,0.03612068,-0.04632413,4,3,97,1074.775,-0.0594226,0.7724132,-1.324864,-0.1572524,0.7672565,-1.579334,0.241797,0.7705736,-1.626974
2,4,63732504207.5761,0.09887062,0.7685689,-1.431222,0.9595656,0.253682,0.1127298,-0.04659797,6,3,98,1085.645,0.07945161,0.773837,-1.446612,-0.1572524,0.7672565,-1.579334,0.241797,0.7705736,-1.626974
2,4,63732504218.4506,-0.1550179,0.7654451,-1.208034,0.9719649,0.2289132,-0.04855352,-0.0229258,3,3,99,1096.519,-0.1497678,0.7714602,-1.231606,-0.1572524,0.7672565,-1.579334,0.241797,0.7705736,-1.626974
2,4,63732504234.177,-0.03772646,0.7660331,-1.285812,0.9680877,0.2345732,0.0776757,-0.04181151,4,3,100,1112.246,-0.0594226,0.7724132,-1.324864,-0.1572524,0.7672565,-1.579334,0.241797,0.7705736,-1.626974
2,4,63732504244.8577,-0.1505178,0.7656679,-1.320041,0.9709231,0.2333488,-0.04791322,-0.02368783,1,3,101,1122.926,-0.1530136,0.7717173,-1.381571,-0.1572524,0.7672565,-1.579334,0.241797,0.7705736,-1.626974
2,4,63732504254.2472,0.04912793,0.7680348,-1.331817,0.9584701,0.2659088,0.09528874,-0.03934206,5,3,102,1132.316,0.020748,0.773194,-1.373494,-0.1572524,0.7672565,-1.579334,0.241797,0.7705736,-1.626974
2,4,63732504264.4456,-0.1671297,0.7663788,-1.418807,0.9696024,0.2302948,-0.08267413,0.0006749767,0,3,103,1142.515,-0.1546365,0.7718458,-1.456553,-0.1572524,0.7672565,-1.579334,0.241797,0.7705736,-1.626974
2,4,63732504271.9884,-0.1568847,0.7651265,-1.273017,0.9753167,0.2177788,-0.02110302,-0.02974046,2,3,104,1150.057,-0.1513907,0.7715887,-1.306588,-0.1572524,0.7672565,-1.579334,0.241797,0.7705736,-1.626974
2,4,63732504282.2878,0.08438455,0.7673147,-1.409921,0.9671863,0.2208332,0.1203765,-0.03595548,6,3,105,1160.357,0.07945161,0.773837,-1.446612,-0.1572524,0.7672565,-1.579334,0.241797,0.7705736,-1.626974
2,4,63732504290.7082,-0.1581561,0.7652971,-1.275023,0.9720306,0.2310166,-0.03218693,-0.02742281,2,3,106,1168.777,-0.1513907,0.7715887,-1.306588,-0.1572524,0.7672565,-1.579334,0.241797,0.7705736,-1.626974
2,4,63732504302.0362,0.05892303,0.7668395,-1.355454,0.9629036,0.2211035,0.1485062,-0.04331141,5,3,107,1180.105,0.020748,0.773194,-1.373494,-0.1572524,0.7672565,-1.579334,0.241797,0.7705736,-1.626974
2,4,63732504310.1773,-0.05106644,0.7655783,-1.297866,0.9706679,0.2293863,0.0596147,-0.04039631,4,3,108,1188.246,-0.0594226,0.7724132,-1.324864,-0.1572524,0.7672565,-1.579334,0.241797,0.7705736,-1.626974
2,4,63732504319.1137,-0.1499876,0.7656366,-1.334972,0.969228,0.2432475,-0.02293852,-0.0300273,1,3,109,1197.183,-0.1530136,0.7717173,-1.381571,-0.1572524,0.7672565,-1.579334,0.241797,0.7705736,-1.626974
2,4,63732504328.7323,-0.1670572,0.7665232,-1.432276,0.9673569,0.2474324,-0.05275953,-0.01463989,0,3,110,1206.801,-0.1546365,0.7718458,-1.456553,-0.1572524,0.7672565,-1.579334,0.241797,0.7705736,-1.626974
2,4,63732504340.3036,-0.1579471,0.7650115,-1.208746,0.974875,0.2195671,-0.02225512,-0.0302277,3,3,111,1218.372,-0.1497678,0.7714602,-1.231606,-0.1572524,0.7672565,-1.579334,0.241797,0.7705736,-1.626974
2,4,63732504352.3468,0.0895453,0.7685978,-1.426215,0.9587334,0.2562336,0.1132151,-0.04854954,6,3,112,1230.415,0.07945161,0.773837,-1.446612,-0.1572524,0.7672565,-1.579334,0.241797,0.7705736,-1.626974
2,4,63732504360.9335,-0.1572437,0.7665431,-1.433308,0.9636888,0.2486954,-0.09710229,-0.005071232,0,3,113,1239.002,-0.1546365,0.7718458,-1.456553,-0.1572524,0.7672565,-1.579334,0.241797,0.7705736,-1.626974
2,4,63732504368.4052,-0.1610657,0.7660329,-1.353719,0.9640187,0.2477358,-0.09640966,0.0003070908,1,3,114,1246.474,-0.1530136,0.7717173,-1.381571,-0.1572524,0.7672565,-1.579334,0.241797,0.7705736,-1.626974
2,4,63732504381.3955,0.09779546,0.767624,-1.42656,0.9595122,0.2176987,0.1724338,-0.04701336,6,3,115,1259.464,0.07945161,0.773837,-1.446612,-0.1572524,0.7672565,-1.579334,0.241797,0.7705736,-1.626974
2,4,63732504394.3247,-0.1304857,0.7657413,-1.22474,0.9701803,0.2371542,0.02971952,-0.0403096,3,3,116,1272.393,-0.1497678,0.7714602,-1.231606,-0.1572524,0.7672565,-1.579334,0.241797,0.7705736,-1.626974
2,4,63732504401.8813,-0.02434568,0.766158,-1.291046,0.964305,0.2425609,0.09082765,-0.05504984,4,3,117,1279.95,-0.0594226,0.7724132,-1.324864,-0.1572524,0.7672565,-1.579334,0.241797,0.7705736,-1.626974
2,4,63732504410.3336,0.06344344,0.7668407,-1.354686,0.9605207,0.2238386,0.1592683,-0.04392983,5,3,118,1288.403,0.020748,0.773194,-1.373494,-0.1572524,0.7672565,-1.579334,0.241797,0.7705736,-1.626974
2,4,63732504416.9731,-0.1503,0.7654245,-1.267606,0.9723932,0.228378,-0.04128611,-0.02429917,2,3,119,1295.042,-0.1513907,0.7715887,-1.306588,-0.1572524,0.7672565,-1.579334,0.241797,0.7705736,-1.626974
2,4,63732504424.9367,0.04073345,0.7672417,-1.347451,0.9631444,0.2362727,0.1144665,-0.05852785,5,3,120,1303.005,0.020748,0.773194,-1.373494,-0.1572524,0.7672565,-1.579334,0.241797,0.7705736,-1.626974
2,4,63732504430.8774,-0.1705274,0.7649744,-1.267894,0.9725928,0.2288252,-0.02413539,-0.03346634,2,3,121,1308.947,-0.1513907,0.7715887,-1.306588,-0.1572524,0.7672565,-1.579334,0.241797,0.7705736,-1.626974
2,4,63732504440.3826,-0.1402622,0.7661914,-1.347205,0.9696605,0.242733,-0.004606125,-0.02860422,1,3,122,1318.451,-0.1530136,0.7717173,-1.381571,-0.1572524,0.7672565,-1.579334,0.241797,0.7705736,-1.626974
2,4,63732504447.8899,-0.05647248,0.7658795,-1.289294,0.9710456,0.2341781,0.03111271,-0.0355414,4,3,123,1325.959,-0.0594226,0.7724132,-1.324864,-0.1572524,0.7672565,-1.579334,0.241797,0.7705736,-1.626974
2,4,63732504456.4233,0.08796056,0.7676162,-1.440944,0.9697666,0.2257835,0.08748898,-0.0303381,6,3,124,1334.492,0.07945161,0.773837,-1.446612,-0.1572524,0.7672565,-1.579334,0.241797,0.7705736,-1.626974
2,4,63732504464.6154,-0.1559652,0.7661433,-1.431069,0.9714741,0.2306542,-0.05381435,-0.01186471,0,3,125,1342.684,-0.1546365,0.7718458,-1.456553,-0.1572524,0.7672565,-1.579334,0.241797,0.7705736,-1.626974
2,4,63732504475.2999,-0.1582442,0.7659016,-1.19721,0.9717287,0.2228128,-0.07766212,-0.008146321,3,3,126,1353.368,-0.1497678,0.7714602,-1.231606,-0.1572524,0.7672565,-1.579334,0.241797,0.7705736,-1.626974
2,4,63732504484.4614,-0.1401271,0.7664645,-1.341589,-0.9708177,-0.2345391,0.04804286,0.01401116,1,3,127,1362.53,-0.1530136,0.7717173,-1.381571,-0.1572524,0.7672565,-1.579334,0.241797,0.7705736,-1.626974
2,4,63732504491.6674,0.09544611,0.768281,-1.422121,0.9638636,0.2406594,0.1045311,-0.04607969,6,3,128,1369.736,0.07945161,0.773837,-1.446612,-0.1572524,0.7672565,-1.579334,0.241797,0.7705736,-1.626974
2,4,63732504498.7346,-0.1566795,0.765442,-1.274981,0.9699477,0.2358387,-0.05690102,-0.01854718,2,3,129,1376.803,-0.1513907,0.7715887,-1.306588,-0.1572524,0.7672565,-1.579334,0.241797,0.7705736,-1.626974
2,4,63732504506.843,0.04272319,0.7674899,-1.352739,0.9630249,0.2462723,0.09837189,-0.04749656,5,3,130,1384.912,0.020748,0.773194,-1.373494,-0.1572524,0.7672565,-1.579334,0.241797,0.7705736,-1.626974
2,4,63732504513.6636,-0.1583008,0.765722,-1.212369,0.9732639,0.2200271,-0.06472249,-0.01251791,3,3,131,1391.732,-0.1497678,0.7714602,-1.231606,-0.1572524,0.7672565,-1.579334,0.241797,0.7705736,-1.626974
2,4,63732504522.4699,-0.1557857,0.7674438,-1.473091,0.9638431,0.2464988,-0.101168,-0.003157926,0,3,132,1400.538,-0.1546365,0.7718458,-1.456553,-0.1572524,0.7672565,-1.579334,0.241797,0.7705736,-1.626974
2,4,63732504528.7869,-0.03996201,0.765669,-1.287345,0.9747522,0.2172695,0.04553527,-0.02405392,4,3,133,1406.856,-0.0594226,0.7724132,-1.324864,-0.1572524,0.7672565,-1.579334,0.241797,0.7705736,-1.626974
2,4,63732504535.5031,0.08988497,0.767443,-1.418002,0.9756662,0.2130837,0.04865637,-0.01742069,6,3,134,1413.572,0.07945161,0.773837,-1.446612,-0.1572524,0.7672565,-1.579334,0.241797,0.7705736,-1.626974
2,4,63732504541.6944,-0.04238466,0.7659326,-1.28931,0.9722416,0.2317241,-0.0247904,-0.02087268,4,3,135,1419.763,-0.0594226,0.7724132,-1.324864,-0.1572524,0.7672565,-1.579334,0.241797,0.7705736,-1.626974
2,4,63732504548.6952,-0.1554429,0.7663242,-1.431844,0.9638711,0.2383506,-0.1188316,0.00455174,0,3,136,1426.764,-0.1546365,0.7718458,-1.456553,-0.1572524,0.7672565,-1.579334,0.241797,0.7705736,-1.626974
2,4,63732504555.8022,-0.1368184,0.7650851,-1.283511,0.9733645,0.2281905,-0.01685465,-0.01437924,2,3,137,1433.871,-0.1513907,0.7715887,-1.306588,-0.1572524,0.7672565,-1.579334,0.241797,0.7705736,-1.626974
2,4,63732504564.0752,-0.1453155,0.7660834,-1.225574,0.9674312,0.2463605,-0.05509961,-0.01864003,3,3,138,1442.144,-0.1497678,0.7714602,-1.231606,-0.1572524,0.7672565,-1.579334,0.241797,0.7705736,-1.626974
2,4,63732504572.6442,-0.1521923,0.7664997,-1.378843,0.9691399,0.2393094,-0.05434453,-0.02335605,1,3,139,1450.713,-0.1530136,0.7717173,-1.381571,-0.1572524,0.7672565,-1.579334,0.241797,0.7705736,-1.626974
2,4,63732504580.1271,0.05420443,0.7671958,-1.350139,0.9665801,0.23706,0.08768742,-0.04285324,5,3,140,1458.196,0.020748,0.773194,-1.373494,-0.1572524,0.7672565,-1.579334,0.241797,0.7705736,-1.626974
